id,dataset_version,domain,input_format,chart_type,question_type,difficulty,question,answer,numeric_answer,unit,split,chart_path
trdab_v01_000001,synthetic_v01,transportation,table_only,line,value_lookup,easy,2024 yılında yolcu sayısı kaçtır?,2024 yılında yolcu sayısı 1.616.768 kişi olarak verilmiştir.,1616768.0,kişi,train,charts/synthetic_v01/chart_001_line.png
trdab_v01_000002,synthetic_v01,transportation,chart_only,line,max_min,easy,Verilen verideki en düşük yolcu sayısı kaçtır?,En düşük yolcu sayısı 1.199.382 kişi olarak verilmiştir. Bu değer 2020 yılında görülmüştür.,1199382.0,kişi,train,charts/synthetic_v01/chart_001_line.png
trdab_v01_000003,synthetic_v01,transportation,table_and_chart,line,comparison,medium,"2024 yılındaki yolcu sayısı, 2020 yılına göre kaç kişi farklıdır?","2024 yılındaki yolcu sayısı, 2020 yılına göre 417.386 kişi fazladır.",417386.0,kişi,train,charts/synthetic_v01/chart_001_line.png
trdab_v01_000004,synthetic_v01,transportation,table_only,line,percentage_change,medium,"2020 ile 2021 arasında yolcu sayısı yaklaşık yüzde kaç değişmiştir? Artış için pozitif, azalış için negatif değer ver.","2020 ile 2021 arasında yolcu sayısı yaklaşık %8,8 artmıştır.",8.8,percent,train,charts/synthetic_v01/chart_001_line.png
trdab_v01_000005,synthetic_v01,transportation,chart_only,line,trend_summary,medium,"Verilen veriye göre yolcu sayısı için genel eğilim nedir? Cevabı tek kelimeyle ver: artış, azalış veya dalgalı.","Verilen veri genel olarak yolcu sayısı için artış eğilimi göstermektedir. 2020 yılında 1.199.382 kişi olan değer, 2024 yılında 1.616.768 kişi seviyesine yükselmiştir.",,kişi,train,charts/synthetic_v01/chart_001_line.png
trdab_v01_000006,synthetic_v01,economy,table_and_chart,bar,value_lookup,easy,2018 yılında ihracat değeri kaçtır?,2018 yılında ihracat değeri 211 milyon dolar olarak verilmiştir.,211.0,milyon dolar,train,charts/synthetic_v01/chart_002_bar.png
trdab_v01_000007,synthetic_v01,economy,table_only,bar,max_min,easy,Verilen verideki en yüksek ihracat değeri kaçtır?,En yüksek ihracat değeri 211 milyon dolar olarak verilmiştir. Bu değer 2018 yılında görülmüştür.,211.0,milyon dolar,train,charts/synthetic_v01/chart_002_bar.png
trdab_v01_000008,synthetic_v01,economy,chart_only,bar,comparison,medium,"2018 yılındaki ihracat değeri, 2021 yılına göre kaç milyon dolar farklıdır?","2018 yılındaki ihracat değeri, 2021 yılına göre 53 milyon dolar fazladır.",53.0,milyon dolar,train,charts/synthetic_v01/chart_002_bar.png
trdab_v01_000009,synthetic_v01,economy,table_and_chart,bar,percentage_change,medium,"2020 ile 2022 arasında ihracat değeri yaklaşık yüzde kaç değişmiştir? Artış için pozitif, azalış için negatif değer ver.","2020 ile 2022 arasında ihracat değeri yaklaşık %4,1 artmıştır.",4.1,percent,train,charts/synthetic_v01/chart_002_bar.png
trdab_v01_000010,synthetic_v01,economy,table_only,bar,trend_summary,medium,"Verilen veriye göre ihracat değeri için genel eğilim nedir? Cevabı tek kelimeyle ver: artış, azalış veya dalgalı.",Verilen veri ihracat değeri için dalgalı bir eğilim göstermektedir. Yıllar arasında hem artış hem de azalış görüldüğü için tek yönlü güçlü bir eğilim yoktur.,,milyon dolar,train,charts/synthetic_v01/chart_002_bar.png
trdab_v01_000011,synthetic_v01,education,chart_only,bar,value_lookup,easy,2025 yılında öğrenci sayısı kaçtır?,2025 yılında öğrenci sayısı 30.699 öğrenci olarak verilmiştir.,30699.0,öğrenci,train,charts/synthetic_v01/chart_003_bar.png
trdab_v01_000012,synthetic_v01,education,table_and_chart,bar,max_min,easy,Verilen verideki en düşük öğrenci sayısı kaçtır?,En düşük öğrenci sayısı 25.104 öğrenci olarak verilmiştir. Bu değer 2020 yılında görülmüştür.,25104.0,öğrenci,train,charts/synthetic_v01/chart_003_bar.png
trdab_v01_000013,synthetic_v01,education,table_only,bar,comparison,medium,"2021 yılındaki öğrenci sayısı, 2024 yılına göre kaç öğrenci farklıdır?","2021 yılındaki öğrenci sayısı, 2024 yılına göre 2.831 öğrenci azdır.",2831.0,öğrenci,train,charts/synthetic_v01/chart_003_bar.png
trdab_v01_000014,synthetic_v01,education,chart_only,bar,percentage_change,medium,"2020 ile 2025 arasında öğrenci sayısı yaklaşık yüzde kaç değişmiştir? Artış için pozitif, azalış için negatif değer ver.","2020 ile 2025 arasında öğrenci sayısı yaklaşık %22,3 artmıştır.",22.3,percent,train,charts/synthetic_v01/chart_003_bar.png
trdab_v01_000015,synthetic_v01,education,table_and_chart,bar,trend_summary,medium,"Verilen veriye göre öğrenci sayısı için genel eğilim nedir? Cevabı tek kelimeyle ver: artış, azalış veya dalgalı.","Verilen veri genel olarak öğrenci sayısı için artış eğilimi göstermektedir. 2020 yılında 25.104 öğrenci olan değer, 2025 yılında 30.699 öğrenci seviyesine yükselmiştir.",,öğrenci,train,charts/synthetic_v01/chart_003_bar.png
trdab_v01_000016,synthetic_v01,tourism,table_only,bar,value_lookup,easy,2020 yılında ziyaretçi sayısı kaçtır?,2020 yılında ziyaretçi sayısı 793.286 kişi olarak verilmiştir.,793286.0,kişi,train,charts/synthetic_v01/chart_004_bar.png
trdab_v01_000017,synthetic_v01,tourism,chart_only,bar,max_min,easy,Verilen verideki en yüksek ziyaretçi sayısı kaçtır?,En yüksek ziyaretçi sayısı 931.896 kişi olarak verilmiştir. Bu değer 2018 yılında görülmüştür.,931896.0,kişi,train,charts/synthetic_v01/chart_004_bar.png
trdab_v01_000018,synthetic_v01,tourism,table_and_chart,bar,comparison,medium,"2022 yılındaki ziyaretçi sayısı, 2020 yılına göre kaç kişi farklıdır?","2022 yılındaki ziyaretçi sayısı, 2020 yılına göre 128.402 kişi azdır.",128402.0,kişi,train,charts/synthetic_v01/chart_004_bar.png
trdab_v01_000019,synthetic_v01,tourism,table_only,bar,percentage_change,medium,"2019 ile 2020 arasında ziyaretçi sayısı yaklaşık yüzde kaç değişmiştir? Artış için pozitif, azalış için negatif değer ver.",2019 ile 2020 arasında ziyaretçi sayısı yaklaşık %9 azalmıştır.,-9.0,percent,train,charts/synthetic_v01/chart_004_bar.png
trdab_v01_000020,synthetic_v01,tourism,chart_only,bar,trend_summary,medium,"Verilen veriye göre ziyaretçi sayısı için genel eğilim nedir? Cevabı tek kelimeyle ver: artış, azalış veya dalgalı.","Verilen veri genel olarak ziyaretçi sayısı için azalış eğilimi göstermektedir. 2018 yılında 931.896 kişi olan değer, 2022 yılında 664.884 kişi seviyesine düşmüştür.",,kişi,train,charts/synthetic_v01/chart_004_bar.png
trdab_v01_000021,synthetic_v01,energy,table_and_chart,bar,value_lookup,easy,2023 yılında elektrik tüketimi kaçtır?,2023 yılında elektrik tüketimi 88.132 MWh olarak verilmiştir.,88132.0,MWh,train,charts/synthetic_v01/chart_005_bar.png
trdab_v01_000022,synthetic_v01,energy,table_only,bar,max_min,easy,Verilen verideki en düşük elektrik tüketimi kaçtır?,En düşük elektrik tüketimi 87.020 MWh olarak verilmiştir. Bu değer 2021 yılında görülmüştür.,87020.0,MWh,train,charts/synthetic_v01/chart_005_bar.png
trdab_v01_000023,synthetic_v01,energy,chart_only,bar,comparison,medium,"2021 yılındaki elektrik tüketimi, 2020 yılına göre kaç MWh farklıdır?","2021 yılındaki elektrik tüketimi, 2020 yılına göre 6.883 MWh azdır.",6883.0,MWh,train,charts/synthetic_v01/chart_005_bar.png
trdab_v01_000024,synthetic_v01,energy,table_and_chart,bar,percentage_change,medium,"2022 ile 2024 arasında elektrik tüketimi yaklaşık yüzde kaç değişmiştir? Artış için pozitif, azalış için negatif değer ver.","2022 ile 2024 arasında elektrik tüketimi yaklaşık %8,4 azalmıştır.",-8.4,percent,train,charts/synthetic_v01/chart_005_bar.png
trdab_v01_000025,synthetic_v01,energy,table_only,bar,trend_summary,medium,"Verilen veriye göre elektrik tüketimi için genel eğilim nedir? Cevabı tek kelimeyle ver: artış, azalış veya dalgalı.",Verilen veri elektrik tüketimi için dalgalı bir eğilim göstermektedir. Yıllar arasında hem artış hem de azalış görüldüğü için tek yönlü güçlü bir eğilim yoktur.,,MWh,train,charts/synthetic_v01/chart_005_bar.png
trdab_v01_000026,synthetic_v01,health,chart_only,bar,value_lookup,easy,2023 yılında hastane başvuru sayısı kaçtır?,2023 yılında hastane başvuru sayısı 327.374 başvuru olarak verilmiştir.,327374.0,başvuru,train,charts/synthetic_v01/chart_006_bar.png
trdab_v01_000027,synthetic_v01,health,table_and_chart,bar,max_min,easy,Verilen verideki en düşük hastane başvuru sayısı kaçtır?,En düşük hastane başvuru sayısı 327.374 başvuru olarak verilmiştir. Bu değer 2023 yılında görülmüştür.,327374.0,başvuru,train,charts/synthetic_v01/chart_006_bar.png
trdab_v01_000028,synthetic_v01,health,table_only,bar,comparison,medium,"2021 yılındaki hastane başvuru sayısı, 2022 yılına göre kaç başvuru farklıdır?","2021 yılındaki hastane başvuru sayısı, 2022 yılına göre 22.052 başvuru fazladır.",22052.0,başvuru,train,charts/synthetic_v01/chart_006_bar.png
trdab_v01_000029,synthetic_v01,health,chart_only,bar,percentage_change,medium,"2019 ile 2020 arasında hastane başvuru sayısı yaklaşık yüzde kaç değişmiştir? Artış için pozitif, azalış için negatif değer ver.","2019 ile 2020 arasında hastane başvuru sayısı yaklaşık %6,1 azalmıştır.",-6.1,percent,train,charts/synthetic_v01/chart_006_bar.png
trdab_v01_000030,synthetic_v01,health,table_and_chart,bar,trend_summary,medium,"Verilen veriye göre hastane başvuru sayısı için genel eğilim nedir? Cevabı tek kelimeyle ver: artış, azalış veya dalgalı.","Verilen veri genel olarak hastane başvuru sayısı için azalış eğilimi göstermektedir. 2018 yılında 433.866 başvuru olan değer, 2023 yılında 327.374 başvuru seviyesine düşmüştür.",,başvuru,train,charts/synthetic_v01/chart_006_bar.png
trdab_v01_000031,synthetic_v01,environment,table_only,bar,value_lookup,easy,2022 yılında geri dönüştürülen atık miktarı kaçtır?,2022 yılında geri dönüştürülen atık miktarı 10.521 ton olarak verilmiştir.,10521.0,ton,train,charts/synthetic_v01/chart_007_bar.png
trdab_v01_000032,synthetic_v01,environment,chart_only,bar,max_min,easy,Verilen verideki en yüksek geri dönüştürülen atık miktarı kaçtır?,En yüksek geri dönüştürülen atık miktarı 10.881 ton olarak verilmiştir. Bu değer 2023 yılında görülmüştür.,10881.0,ton,train,charts/synthetic_v01/chart_007_bar.png
trdab_v01_000033,synthetic_v01,environment,table_and_chart,bar,comparison,medium,"2023 yılındaki geri dönüştürülen atık miktarı, 2021 yılına göre kaç ton farklıdır?","2023 yılındaki geri dönüştürülen atık miktarı, 2021 yılına göre 1.203 ton fazladır.",1203.0,ton,train,charts/synthetic_v01/chart_007_bar.png
trdab_v01_000034,synthetic_v01,environment,table_only,bar,percentage_change,medium,"2021 ile 2022 arasında geri dönüştürülen atık miktarı yaklaşık yüzde kaç değişmiştir? Artış için pozitif, azalış için negatif değer ver.","2021 ile 2022 arasında geri dönüştürülen atık miktarı yaklaşık %8,7 artmıştır.",8.7,percent,train,charts/synthetic_v01/chart_007_bar.png
trdab_v01_000035,synthetic_v01,environment,chart_only,bar,trend_summary,medium,"Verilen veriye göre geri dönüştürülen atık miktarı için genel eğilim nedir? Cevabı tek kelimeyle ver: artış, azalış veya dalgalı.","Verilen veri genel olarak geri dönüştürülen atık miktarı için artış eğilimi göstermektedir. 2018 yılında 8.186 ton olan değer, 2023 yılında 10.881 ton seviyesine yükselmiştir.",,ton,train,charts/synthetic_v01/chart_007_bar.png
trdab_v01_000036,synthetic_v01,sports,table_and_chart,bar,value_lookup,easy,2024 yılında spor tesisi kullanım sayısı kaçtır?,2024 yılında spor tesisi kullanım sayısı 47.525 kullanım olarak verilmiştir.,47525.0,kullanım,train,charts/synthetic_v01/chart_008_bar.png
trdab_v01_000037,synthetic_v01,sports,table_only,bar,max_min,easy,Verilen verideki en yüksek spor tesisi kullanım sayısı kaçtır?,En yüksek spor tesisi kullanım sayısı 52.346 kullanım olarak verilmiştir. Bu değer 2022 yılında görülmüştür.,52346.0,kullanım,train,charts/synthetic_v01/chart_008_bar.png
trdab_v01_000038,synthetic_v01,sports,chart_only,bar,comparison,medium,"2020 yılındaki spor tesisi kullanım sayısı, 2024 yılına göre kaç kullanım farklıdır?","2020 yılındaki spor tesisi kullanım sayısı, 2024 yılına göre 2.028 kullanım fazladır.",2028.0,kullanım,train,charts/synthetic_v01/chart_008_bar.png
trdab_v01_000039,synthetic_v01,sports,table_and_chart,bar,percentage_change,medium,"2022 ile 2025 arasında spor tesisi kullanım sayısı yaklaşık yüzde kaç değişmiştir? Artış için pozitif, azalış için negatif değer ver.","2022 ile 2025 arasında spor tesisi kullanım sayısı yaklaşık %20,9 azalmıştır.",-20.9,percent,train,charts/synthetic_v01/chart_008_bar.png
trdab_v01_000040,synthetic_v01,sports,table_only,bar,trend_summary,medium,"Verilen veriye göre spor tesisi kullanım sayısı için genel eğilim nedir? Cevabı tek kelimeyle ver: artış, azalış veya dalgalı.","Verilen veri genel olarak spor tesisi kullanım sayısı için azalış eğilimi göstermektedir. 2020 yılında 49.553 kullanım olan değer, 2025 yılında 41.397 kullanım seviyesine düşmüştür.",,kullanım,train,charts/synthetic_v01/chart_008_bar.png
trdab_v01_000041,synthetic_v01,municipality,chart_only,line,value_lookup,easy,2024 yılında belediye hizmet başvurusu kaçtır?,2024 yılında belediye hizmet başvurusu 90.789 başvuru olarak verilmiştir.,90789.0,başvuru,train,charts/synthetic_v01/chart_009_line.png
trdab_v01_000042,synthetic_v01,municipality,table_and_chart,line,max_min,easy,Verilen verideki en düşük belediye hizmet başvurusu kaçtır?,En düşük belediye hizmet başvurusu 69.931 başvuru olarak verilmiştir. Bu değer 2020 yılında görülmüştür.,69931.0,başvuru,train,charts/synthetic_v01/chart_009_line.png
trdab_v01_000043,synthetic_v01,municipality,table_only,line,comparison,medium,"2020 yılındaki belediye hizmet başvurusu, 2023 yılına göre kaç başvuru farklıdır?","2020 yılındaki belediye hizmet başvurusu, 2023 yılına göre 15.078 başvuru azdır.",15078.0,başvuru,train,charts/synthetic_v01/chart_009_line.png
trdab_v01_000044,synthetic_v01,municipality,chart_only,line,percentage_change,medium,"2020 ile 2022 arasında belediye hizmet başvurusu yaklaşık yüzde kaç değişmiştir? Artış için pozitif, azalış için negatif değer ver.","2020 ile 2022 arasında belediye hizmet başvurusu yaklaşık %12,5 artmıştır.",12.5,percent,train,charts/synthetic_v01/chart_009_line.png
trdab_v01_000045,synthetic_v01,municipality,table_and_chart,line,trend_summary,medium,"Verilen veriye göre belediye hizmet başvurusu için genel eğilim nedir? Cevabı tek kelimeyle ver: artış, azalış veya dalgalı.","Verilen veri genel olarak belediye hizmet başvurusu için artış eğilimi göstermektedir. 2020 yılında 69.931 başvuru olan değer, 2024 yılında 90.789 başvuru seviyesine yükselmiştir.",,başvuru,train,charts/synthetic_v01/chart_009_line.png
trdab_v01_000046,synthetic_v01,agriculture,table_only,line,value_lookup,easy,2023 yılında üretim miktarı kaçtır?,2023 yılında üretim miktarı 185.148 ton olarak verilmiştir.,185148.0,ton,train,charts/synthetic_v01/chart_010_line.png
trdab_v01_000047,synthetic_v01,agriculture,chart_only,line,max_min,easy,Verilen verideki en yüksek üretim miktarı kaçtır?,En yüksek üretim miktarı 185.148 ton olarak verilmiştir. Bu değer 2023 yılında görülmüştür.,185148.0,ton,train,charts/synthetic_v01/chart_010_line.png
trdab_v01_000048,synthetic_v01,agriculture,table_and_chart,line,comparison,medium,"2022 yılındaki üretim miktarı, 2020 yılına göre kaç ton farklıdır?","2022 yılındaki üretim miktarı, 2020 yılına göre 13.054 ton fazladır.",13054.0,ton,train,charts/synthetic_v01/chart_010_line.png
trdab_v01_000049,synthetic_v01,agriculture,table_only,line,percentage_change,medium,"2020 ile 2023 arasında üretim miktarı yaklaşık yüzde kaç değişmiştir? Artış için pozitif, azalış için negatif değer ver.","2020 ile 2023 arasında üretim miktarı yaklaşık %15,5 artmıştır.",15.5,percent,train,charts/synthetic_v01/chart_010_line.png
trdab_v01_000050,synthetic_v01,agriculture,chart_only,line,trend_summary,medium,"Verilen veriye göre üretim miktarı için genel eğilim nedir? Cevabı tek kelimeyle ver: artış, azalış veya dalgalı.","Verilen veri genel olarak üretim miktarı için artış eğilimi göstermektedir. 2019 yılında 149.140 ton olan değer, 2023 yılında 185.148 ton seviyesine yükselmiştir.",,ton,train,charts/synthetic_v01/chart_010_line.png
trdab_v01_000051,synthetic_v01,transportation,table_and_chart,bar,value_lookup,easy,2019 yılında yolcu sayısı kaçtır?,2019 yılında yolcu sayısı 1.234.020 kişi olarak verilmiştir.,1234020.0,kişi,train,charts/synthetic_v01/chart_011_bar.png
trdab_v01_000052,synthetic_v01,transportation,table_only,bar,max_min,easy,Verilen verideki en yüksek yolcu sayısı kaçtır?,En yüksek yolcu sayısı 1.770.756 kişi olarak verilmiştir. Bu değer 2024 yılında görülmüştür.,1770756.0,kişi,train,charts/synthetic_v01/chart_011_bar.png
trdab_v01_000053,synthetic_v01,transportation,chart_only,bar,comparison,medium,"2019 yılındaki yolcu sayısı, 2020 yılına göre kaç kişi farklıdır?","2019 yılındaki yolcu sayısı, 2020 yılına göre 65.679 kişi azdır.",65679.0,kişi,train,charts/synthetic_v01/chart_011_bar.png
trdab_v01_000054,synthetic_v01,transportation,table_and_chart,bar,percentage_change,medium,"2019 ile 2021 arasında yolcu sayısı yaklaşık yüzde kaç değişmiştir? Artış için pozitif, azalış için negatif değer ver.","2019 ile 2021 arasında yolcu sayısı yaklaşık %15,4 artmıştır.",15.4,percent,train,charts/synthetic_v01/chart_011_bar.png
trdab_v01_000055,synthetic_v01,transportation,table_only,bar,trend_summary,medium,"Verilen veriye göre yolcu sayısı için genel eğilim nedir? Cevabı tek kelimeyle ver: artış, azalış veya dalgalı.","Verilen veri genel olarak yolcu sayısı için artış eğilimi göstermektedir. 2019 yılında 1.234.020 kişi olan değer, 2024 yılında 1.770.756 kişi seviyesine yükselmiştir.",,kişi,train,charts/synthetic_v01/chart_011_bar.png
trdab_v01_000056,synthetic_v01,economy,chart_only,line,value_lookup,easy,2024 yılında ihracat değeri kaçtır?,2024 yılında ihracat değeri 201 milyon dolar olarak verilmiştir.,201.0,milyon dolar,train,charts/synthetic_v01/chart_012_line.png
trdab_v01_000057,synthetic_v01,economy,table_and_chart,line,max_min,easy,Verilen verideki en düşük ihracat değeri kaçtır?,En düşük ihracat değeri 137 milyon dolar olarak verilmiştir. Bu değer 2023 yılında görülmüştür.,137.0,milyon dolar,train,charts/synthetic_v01/chart_012_line.png
trdab_v01_000058,synthetic_v01,economy,table_only,line,comparison,medium,"2023 yılındaki ihracat değeri, 2021 yılına göre kaç milyon dolar farklıdır?","2023 yılındaki ihracat değeri, 2021 yılına göre 43 milyon dolar azdır.",43.0,milyon dolar,train,charts/synthetic_v01/chart_012_line.png
trdab_v01_000059,synthetic_v01,economy,chart_only,line,percentage_change,medium,"2021 ile 2023 arasında ihracat değeri yaklaşık yüzde kaç değişmiştir? Artış için pozitif, azalış için negatif değer ver.","2021 ile 2023 arasında ihracat değeri yaklaşık %23,9 azalmıştır.",-23.9,percent,train,charts/synthetic_v01/chart_012_line.png
trdab_v01_000060,synthetic_v01,economy,table_and_chart,line,trend_summary,medium,"Verilen veriye göre ihracat değeri için genel eğilim nedir? Cevabı tek kelimeyle ver: artış, azalış veya dalgalı.",Verilen veri ihracat değeri için dalgalı bir eğilim göstermektedir. Yıllar arasında hem artış hem de azalış görüldüğü için tek yönlü güçlü bir eğilim yoktur.,,milyon dolar,train,charts/synthetic_v01/chart_012_line.png
trdab_v01_000061,synthetic_v01,education,table_only,bar,value_lookup,easy,2019 yılında öğrenci sayısı kaçtır?,2019 yılında öğrenci sayısı 22.922 öğrenci olarak verilmiştir.,22922.0,öğrenci,train,charts/synthetic_v01/chart_013_bar.png
trdab_v01_000062,synthetic_v01,education,chart_only,bar,max_min,easy,Verilen verideki en düşük öğrenci sayısı kaçtır?,En düşük öğrenci sayısı 22.922 öğrenci olarak verilmiştir. Bu değer 2019 yılında görülmüştür.,22922.0,öğrenci,train,charts/synthetic_v01/chart_013_bar.png
trdab_v01_000063,synthetic_v01,education,table_and_chart,bar,comparison,medium,"2020 yılındaki öğrenci sayısı, 2019 yılına göre kaç öğrenci farklıdır?","2020 yılındaki öğrenci sayısı, 2019 yılına göre 2.378 öğrenci fazladır.",2378.0,öğrenci,train,charts/synthetic_v01/chart_013_bar.png
trdab_v01_000064,synthetic_v01,education,table_only,bar,percentage_change,medium,"2019 ile 2021 arasında öğrenci sayısı yaklaşık yüzde kaç değişmiştir? Artış için pozitif, azalış için negatif değer ver.","2019 ile 2021 arasında öğrenci sayısı yaklaşık %1,1 artmıştır.",1.1,percent,train,charts/synthetic_v01/chart_013_bar.png
trdab_v01_000065,synthetic_v01,education,chart_only,bar,trend_summary,medium,"Verilen veriye göre öğrenci sayısı için genel eğilim nedir? Cevabı tek kelimeyle ver: artış, azalış veya dalgalı.",Verilen veri öğrenci sayısı için dalgalı bir eğilim göstermektedir. Yıllar arasında hem artış hem de azalış görüldüğü için tek yönlü güçlü bir eğilim yoktur.,,öğrenci,train,charts/synthetic_v01/chart_013_bar.png
trdab_v01_000066,synthetic_v01,tourism,table_and_chart,bar,value_lookup,easy,2021 yılında ziyaretçi sayısı kaçtır?,2021 yılında ziyaretçi sayısı 444.571 kişi olarak verilmiştir.,444571.0,kişi,train,charts/synthetic_v01/chart_014_bar.png
trdab_v01_000067,synthetic_v01,tourism,table_only,bar,max_min,easy,Verilen verideki en düşük ziyaretçi sayısı kaçtır?,En düşük ziyaretçi sayısı 444.571 kişi olarak verilmiştir. Bu değer 2021 yılında görülmüştür.,444571.0,kişi,train,charts/synthetic_v01/chart_014_bar.png
trdab_v01_000068,synthetic_v01,tourism,chart_only,bar,comparison,medium,"2023 yılındaki ziyaretçi sayısı, 2019 yılına göre kaç kişi farklıdır?","2023 yılındaki ziyaretçi sayısı, 2019 yılına göre 80.114 kişi fazladır.",80114.0,kişi,train,charts/synthetic_v01/chart_014_bar.png
trdab_v01_000069,synthetic_v01,tourism,table_and_chart,bar,percentage_change,medium,"2019 ile 2020 arasında ziyaretçi sayısı yaklaşık yüzde kaç değişmiştir? Artış için pozitif, azalış için negatif değer ver.","2019 ile 2020 arasında ziyaretçi sayısı yaklaşık %47,5 artmıştır.",47.5,percent,train,charts/synthetic_v01/chart_014_bar.png
trdab_v01_000070,synthetic_v01,tourism,table_only,bar,trend_summary,medium,"Verilen veriye göre ziyaretçi sayısı için genel eğilim nedir? Cevabı tek kelimeyle ver: artış, azalış veya dalgalı.",Verilen veri ziyaretçi sayısı için dalgalı bir eğilim göstermektedir. Yıllar arasında hem artış hem de azalış görüldüğü için tek yönlü güçlü bir eğilim yoktur.,,kişi,train,charts/synthetic_v01/chart_014_bar.png
trdab_v01_000071,synthetic_v01,energy,chart_only,bar,value_lookup,easy,2018 yılında elektrik tüketimi kaçtır?,2018 yılında elektrik tüketimi 90.720 MWh olarak verilmiştir.,90720.0,MWh,train,charts/synthetic_v01/chart_015_bar.png
trdab_v01_000072,synthetic_v01,energy,table_and_chart,bar,max_min,easy,Verilen verideki en yüksek elektrik tüketimi kaçtır?,En yüksek elektrik tüketimi 91.468 MWh olarak verilmiştir. Bu değer 2020 yılında görülmüştür.,91468.0,MWh,train,charts/synthetic_v01/chart_015_bar.png
trdab_v01_000073,synthetic_v01,energy,table_only,bar,comparison,medium,"2018 yılındaki elektrik tüketimi, 2022 yılına göre kaç MWh farklıdır?","2018 yılındaki elektrik tüketimi, 2022 yılına göre 1.475 MWh fazladır.",1475.0,MWh,train,charts/synthetic_v01/chart_015_bar.png
trdab_v01_000074,synthetic_v01,energy,chart_only,bar,percentage_change,medium,"2018 ile 2022 arasında elektrik tüketimi yaklaşık yüzde kaç değişmiştir? Artış için pozitif, azalış için negatif değer ver.","2018 ile 2022 arasında elektrik tüketimi yaklaşık %1,6 azalmıştır.",-1.6,percent,train,charts/synthetic_v01/chart_015_bar.png
trdab_v01_000075,synthetic_v01,energy,table_and_chart,bar,trend_summary,medium,"Verilen veriye göre elektrik tüketimi için genel eğilim nedir? Cevabı tek kelimeyle ver: artış, azalış veya dalgalı.",Verilen veri elektrik tüketimi için dalgalı bir eğilim göstermektedir. Yıllar arasında hem artış hem de azalış görüldüğü için tek yönlü güçlü bir eğilim yoktur.,,MWh,train,charts/synthetic_v01/chart_015_bar.png
trdab_v01_000076,synthetic_v01,health,table_only,bar,value_lookup,easy,2020 yılında hastane başvuru sayısı kaçtır?,2020 yılında hastane başvuru sayısı 414.306 başvuru olarak verilmiştir.,414306.0,başvuru,train,charts/synthetic_v01/chart_016_bar.png
trdab_v01_000077,synthetic_v01,health,chart_only,bar,max_min,easy,Verilen verideki en düşük hastane başvuru sayısı kaçtır?,En düşük hastane başvuru sayısı 327.685 başvuru olarak verilmiştir. Bu değer 2024 yılında görülmüştür.,327685.0,başvuru,train,charts/synthetic_v01/chart_016_bar.png
trdab_v01_000078,synthetic_v01,health,table_and_chart,bar,comparison,medium,"2021 yılındaki hastane başvuru sayısı, 2022 yılına göre kaç başvuru farklıdır?","2021 yılındaki hastane başvuru sayısı, 2022 yılına göre 26.587 başvuru fazladır.",26587.0,başvuru,train,charts/synthetic_v01/chart_016_bar.png
trdab_v01_000079,synthetic_v01,health,table_only,bar,percentage_change,medium,"2019 ile 2024 arasında hastane başvuru sayısı yaklaşık yüzde kaç değişmiştir? Artış için pozitif, azalış için negatif değer ver.","2019 ile 2024 arasında hastane başvuru sayısı yaklaşık %23,2 azalmıştır.",-23.2,percent,train,charts/synthetic_v01/chart_016_bar.png
trdab_v01_000080,synthetic_v01,health,chart_only,bar,trend_summary,medium,"Verilen veriye göre hastane başvuru sayısı için genel eğilim nedir? Cevabı tek kelimeyle ver: artış, azalış veya dalgalı.","Verilen veri genel olarak hastane başvuru sayısı için azalış eğilimi göstermektedir. 2019 yılında 426.680 başvuru olan değer, 2024 yılında 327.685 başvuru seviyesine düşmüştür.",,başvuru,train,charts/synthetic_v01/chart_016_bar.png
trdab_v01_000081,synthetic_v01,environment,table_and_chart,bar,value_lookup,easy,2019 yılında geri dönüştürülen atık miktarı kaçtır?,2019 yılında geri dönüştürülen atık miktarı 8.075 ton olarak verilmiştir.,8075.0,ton,train,charts/synthetic_v01/chart_017_bar.png
trdab_v01_000082,synthetic_v01,environment,table_only,bar,max_min,easy,Verilen verideki en yüksek geri dönüştürülen atık miktarı kaçtır?,En yüksek geri dönüştürülen atık miktarı 10.267 ton olarak verilmiştir. Bu değer 2023 yılında görülmüştür.,10267.0,ton,train,charts/synthetic_v01/chart_017_bar.png
trdab_v01_000083,synthetic_v01,environment,chart_only,bar,comparison,medium,"2023 yılındaki geri dönüştürülen atık miktarı, 2021 yılına göre kaç ton farklıdır?","2023 yılındaki geri dönüştürülen atık miktarı, 2021 yılına göre 1.008 ton fazladır.",1008.0,ton,train,charts/synthetic_v01/chart_017_bar.png
trdab_v01_000084,synthetic_v01,environment,table_and_chart,bar,percentage_change,medium,"2020 ile 2022 arasında geri dönüştürülen atık miktarı yaklaşık yüzde kaç değişmiştir? Artış için pozitif, azalış için negatif değer ver.","2020 ile 2022 arasında geri dönüştürülen atık miktarı yaklaşık %14,4 artmıştır.",14.4,percent,train,charts/synthetic_v01/chart_017_bar.png
trdab_v01_000085,synthetic_v01,environment,table_only,bar,trend_summary,medium,"Verilen veriye göre geri dönüştürülen atık miktarı için genel eğilim nedir? Cevabı tek kelimeyle ver: artış, azalış veya dalgalı.","Verilen veri genel olarak geri dönüştürülen atık miktarı için artış eğilimi göstermektedir. 2019 yılında 8.075 ton olan değer, 2023 yılında 10.267 ton seviyesine yükselmiştir.",,ton,train,charts/synthetic_v01/chart_017_bar.png
trdab_v01_000086,synthetic_v01,sports,chart_only,line,value_lookup,easy,2025 yılında spor tesisi kullanım sayısı kaçtır?,2025 yılında spor tesisi kullanım sayısı 38.428 kullanım olarak verilmiştir.,38428.0,kullanım,train,charts/synthetic_v01/chart_018_line.png
trdab_v01_000087,synthetic_v01,sports,table_and_chart,line,max_min,easy,Verilen verideki en düşük spor tesisi kullanım sayısı kaçtır?,En düşük spor tesisi kullanım sayısı 38.428 kullanım olarak verilmiştir. Bu değer 2025 yılında görülmüştür.,38428.0,kullanım,train,charts/synthetic_v01/chart_018_line.png
trdab_v01_000088,synthetic_v01,sports,table_only,line,comparison,medium,"2023 yılındaki spor tesisi kullanım sayısı, 2024 yılına göre kaç kullanım farklıdır?","2023 yılındaki spor tesisi kullanım sayısı, 2024 yılına göre 6.619 kullanım azdır.",6619.0,kullanım,train,charts/synthetic_v01/chart_018_line.png
trdab_v01_000089,synthetic_v01,sports,chart_only,line,percentage_change,medium,"2020 ile 2022 arasında spor tesisi kullanım sayısı yaklaşık yüzde kaç değişmiştir? Artış için pozitif, azalış için negatif değer ver.","2020 ile 2022 arasında spor tesisi kullanım sayısı yaklaşık %7,9 azalmıştır.",-7.9,percent,train,charts/synthetic_v01/chart_018_line.png
trdab_v01_000090,synthetic_v01,sports,table_and_chart,line,trend_summary,medium,"Verilen veriye göre spor tesisi kullanım sayısı için genel eğilim nedir? Cevabı tek kelimeyle ver: artış, azalış veya dalgalı.","Verilen veri genel olarak spor tesisi kullanım sayısı için azalış eğilimi göstermektedir. 2020 yılında 49.437 kullanım olan değer, 2025 yılında 38.428 kullanım seviyesine düşmüştür.",,kullanım,train,charts/synthetic_v01/chart_018_line.png
trdab_v01_000091,synthetic_v01,municipality,table_only,bar,value_lookup,easy,2019 yılında belediye hizmet başvurusu kaçtır?,2019 yılında belediye hizmet başvurusu 92.414 başvuru olarak verilmiştir.,92414.0,başvuru,train,charts/synthetic_v01/chart_019_bar.png
trdab_v01_000092,synthetic_v01,municipality,chart_only,bar,max_min,easy,Verilen verideki en düşük belediye hizmet başvurusu kaçtır?,En düşük belediye hizmet başvurusu 75.809 başvuru olarak verilmiştir. Bu değer 2023 yılında görülmüştür.,75809.0,başvuru,train,charts/synthetic_v01/chart_019_bar.png
trdab_v01_000093,synthetic_v01,municipality,table_and_chart,bar,comparison,medium,"2021 yılındaki belediye hizmet başvurusu, 2022 yılına göre kaç başvuru farklıdır?","2021 yılındaki belediye hizmet başvurusu, 2022 yılına göre 7.423 başvuru fazladır.",7423.0,başvuru,train,charts/synthetic_v01/chart_019_bar.png
trdab_v01_000094,synthetic_v01,municipality,table_only,bar,percentage_change,medium,"2018 ile 2022 arasında belediye hizmet başvurusu yaklaşık yüzde kaç değişmiştir? Artış için pozitif, azalış için negatif değer ver.","2018 ile 2022 arasında belediye hizmet başvurusu yaklaşık %19,4 azalmıştır.",-19.4,percent,train,charts/synthetic_v01/chart_019_bar.png
trdab_v01_000095,synthetic_v01,municipality,chart_only,bar,trend_summary,medium,"Verilen veriye göre belediye hizmet başvurusu için genel eğilim nedir? Cevabı tek kelimeyle ver: artış, azalış veya dalgalı.","Verilen veri genel olarak belediye hizmet başvurusu için azalış eğilimi göstermektedir. 2018 yılında 97.380 başvuru olan değer, 2023 yılında 75.809 başvuru seviyesine düşmüştür.",,başvuru,train,charts/synthetic_v01/chart_019_bar.png
trdab_v01_000096,synthetic_v01,agriculture,table_and_chart,bar,value_lookup,easy,2022 yılında üretim miktarı kaçtır?,2022 yılında üretim miktarı 151.931 ton olarak verilmiştir.,151931.0,ton,train,charts/synthetic_v01/chart_020_bar.png
trdab_v01_000097,synthetic_v01,agriculture,table_only,bar,max_min,easy,Verilen verideki en düşük üretim miktarı kaçtır?,En düşük üretim miktarı 148.481 ton olarak verilmiştir. Bu değer 2019 yılında görülmüştür.,148481.0,ton,train,charts/synthetic_v01/chart_020_bar.png
trdab_v01_000098,synthetic_v01,agriculture,chart_only,bar,comparison,medium,"2019 yılındaki üretim miktarı, 2022 yılına göre kaç ton farklıdır?","2019 yılındaki üretim miktarı, 2022 yılına göre 3.450 ton azdır.",3450.0,ton,train,charts/synthetic_v01/chart_020_bar.png
trdab_v01_000099,synthetic_v01,agriculture,table_and_chart,bar,percentage_change,medium,"2019 ile 2022 arasında üretim miktarı yaklaşık yüzde kaç değişmiştir? Artış için pozitif, azalış için negatif değer ver.","2019 ile 2022 arasında üretim miktarı yaklaşık %2,3 artmıştır.",2.3,percent,train,charts/synthetic_v01/chart_020_bar.png
trdab_v01_000100,synthetic_v01,agriculture,table_only,bar,trend_summary,medium,"Verilen veriye göre üretim miktarı için genel eğilim nedir? Cevabı tek kelimeyle ver: artış, azalış veya dalgalı.",Verilen veri üretim miktarı için dalgalı bir eğilim göstermektedir. Yıllar arasında hem artış hem de azalış görüldüğü için tek yönlü güçlü bir eğilim yoktur.,,ton,train,charts/synthetic_v01/chart_020_bar.png
trdab_v01_000101,synthetic_v01,transportation,chart_only,line,value_lookup,easy,2021 yılında yolcu sayısı kaçtır?,2021 yılında yolcu sayısı 1.525.861 kişi olarak verilmiştir.,1525861.0,kişi,train,charts/synthetic_v01/chart_021_line.png
trdab_v01_000102,synthetic_v01,transportation,table_and_chart,line,max_min,easy,Verilen verideki en yüksek yolcu sayısı kaçtır?,En yüksek yolcu sayısı 1.734.200 kişi olarak verilmiştir. Bu değer 2023 yılında görülmüştür.,1734200.0,kişi,train,charts/synthetic_v01/chart_021_line.png
trdab_v01_000103,synthetic_v01,transportation,table_only,line,comparison,medium,"2019 yılındaki yolcu sayısı, 2021 yılına göre kaç kişi farklıdır?","2019 yılındaki yolcu sayısı, 2021 yılına göre 208.987 kişi azdır.",208987.0,kişi,train,charts/synthetic_v01/chart_021_line.png
trdab_v01_000104,synthetic_v01,transportation,chart_only,line,percentage_change,medium,"2019 ile 2021 arasında yolcu sayısı yaklaşık yüzde kaç değişmiştir? Artış için pozitif, azalış için negatif değer ver.","2019 ile 2021 arasında yolcu sayısı yaklaşık %15,9 artmıştır.",15.9,percent,train,charts/synthetic_v01/chart_021_line.png
trdab_v01_000105,synthetic_v01,transportation,table_and_chart,line,trend_summary,medium,"Verilen veriye göre yolcu sayısı için genel eğilim nedir? Cevabı tek kelimeyle ver: artış, azalış veya dalgalı.","Verilen veri genel olarak yolcu sayısı için artış eğilimi göstermektedir. 2018 yılında 1.186.843 kişi olan değer, 2023 yılında 1.734.200 kişi seviyesine yükselmiştir.",,kişi,train,charts/synthetic_v01/chart_021_line.png
trdab_v01_000106,synthetic_v01,economy,table_only,bar,value_lookup,easy,2019 yılında ihracat değeri kaçtır?,2019 yılında ihracat değeri 177 milyon dolar olarak verilmiştir.,177.0,milyon dolar,train,charts/synthetic_v01/chart_022_bar.png
trdab_v01_000107,synthetic_v01,economy,chart_only,bar,max_min,easy,Verilen verideki en düşük ihracat değeri kaçtır?,En düşük ihracat değeri 177 milyon dolar olarak verilmiştir. Bu değer 2019 yılında görülmüştür.,177.0,milyon dolar,train,charts/synthetic_v01/chart_022_bar.png
trdab_v01_000108,synthetic_v01,economy,table_and_chart,bar,comparison,medium,"2023 yılındaki ihracat değeri, 2021 yılına göre kaç milyon dolar farklıdır?","2023 yılındaki ihracat değeri, 2021 yılına göre 32 milyon dolar fazladır.",32.0,milyon dolar,train,charts/synthetic_v01/chart_022_bar.png
trdab_v01_000109,synthetic_v01,economy,table_only,bar,percentage_change,medium,"2022 ile 2023 arasında ihracat değeri yaklaşık yüzde kaç değişmiştir? Artış için pozitif, azalış için negatif değer ver.","2022 ile 2023 arasında ihracat değeri yaklaşık %9,1 artmıştır.",9.1,percent,train,charts/synthetic_v01/chart_022_bar.png
trdab_v01_000110,synthetic_v01,economy,chart_only,bar,trend_summary,medium,"Verilen veriye göre ihracat değeri için genel eğilim nedir? Cevabı tek kelimeyle ver: artış, azalış veya dalgalı.","Verilen veri genel olarak ihracat değeri için artış eğilimi göstermektedir. 2019 yılında 177 milyon dolar olan değer, 2024 yılında 269 milyon dolar seviyesine yükselmiştir.",,milyon dolar,train,charts/synthetic_v01/chart_022_bar.png
trdab_v01_000111,synthetic_v01,education,table_and_chart,line,value_lookup,easy,2023 yılında öğrenci sayısı kaçtır?,2023 yılında öğrenci sayısı 29.073 öğrenci olarak verilmiştir.,29073.0,öğrenci,train,charts/synthetic_v01/chart_023_line.png
trdab_v01_000112,synthetic_v01,education,table_only,line,max_min,easy,Verilen verideki en düşük öğrenci sayısı kaçtır?,En düşük öğrenci sayısı 24.901 öğrenci olarak verilmiştir. Bu değer 2019 yılında görülmüştür.,24901.0,öğrenci,train,charts/synthetic_v01/chart_023_line.png
trdab_v01_000113,synthetic_v01,education,chart_only,line,comparison,medium,"2023 yılındaki öğrenci sayısı, 2021 yılına göre kaç öğrenci farklıdır?","2023 yılındaki öğrenci sayısı, 2021 yılına göre 1.645 öğrenci fazladır.",1645.0,öğrenci,train,charts/synthetic_v01/chart_023_line.png
trdab_v01_000114,synthetic_v01,education,table_and_chart,line,percentage_change,medium,"2019 ile 2022 arasında öğrenci sayısı yaklaşık yüzde kaç değişmiştir? Artış için pozitif, azalış için negatif değer ver.","2019 ile 2022 arasında öğrenci sayısı yaklaşık %13,3 artmıştır.",13.3,percent,train,charts/synthetic_v01/chart_023_line.png
trdab_v01_000115,synthetic_v01,education,table_only,line,trend_summary,medium,"Verilen veriye göre öğrenci sayısı için genel eğilim nedir? Cevabı tek kelimeyle ver: artış, azalış veya dalgalı.","Verilen veri genel olarak öğrenci sayısı için artış eğilimi göstermektedir. 2019 yılında 24.901 öğrenci olan değer, 2023 yılında 29.073 öğrenci seviyesine yükselmiştir.",,öğrenci,train,charts/synthetic_v01/chart_023_line.png
trdab_v01_000116,synthetic_v01,tourism,chart_only,line,value_lookup,easy,2021 yılında ziyaretçi sayısı kaçtır?,2021 yılında ziyaretçi sayısı 815.244 kişi olarak verilmiştir.,815244.0,kişi,train,charts/synthetic_v01/chart_024_line.png
trdab_v01_000117,synthetic_v01,tourism,table_and_chart,line,max_min,easy,Verilen verideki en düşük ziyaretçi sayısı kaçtır?,En düşük ziyaretçi sayısı 680.740 kişi olarak verilmiştir. Bu değer 2023 yılında görülmüştür.,680740.0,kişi,train,charts/synthetic_v01/chart_024_line.png
trdab_v01_000118,synthetic_v01,tourism,table_only,line,comparison,medium,"2021 yılındaki ziyaretçi sayısı, 2019 yılına göre kaç kişi farklıdır?","2021 yılındaki ziyaretçi sayısı, 2019 yılına göre 114.331 kişi azdır.",114331.0,kişi,train,charts/synthetic_v01/chart_024_line.png
trdab_v01_000119,synthetic_v01,tourism,chart_only,line,percentage_change,medium,"2021 ile 2023 arasında ziyaretçi sayısı yaklaşık yüzde kaç değişmiştir? Artış için pozitif, azalış için negatif değer ver.","2021 ile 2023 arasında ziyaretçi sayısı yaklaşık %16,5 azalmıştır.",-16.5,percent,train,charts/synthetic_v01/chart_024_line.png
trdab_v01_000120,synthetic_v01,tourism,table_and_chart,line,trend_summary,medium,"Verilen veriye göre ziyaretçi sayısı için genel eğilim nedir? Cevabı tek kelimeyle ver: artış, azalış veya dalgalı.","Verilen veri genel olarak ziyaretçi sayısı için azalış eğilimi göstermektedir. 2019 yılında 929.575 kişi olan değer, 2023 yılında 680.740 kişi seviyesine düşmüştür.",,kişi,train,charts/synthetic_v01/chart_024_line.png
trdab_v01_000121,synthetic_v01,energy,table_only,bar,value_lookup,easy,2024 yılında elektrik tüketimi kaçtır?,2024 yılında elektrik tüketimi 94.553 MWh olarak verilmiştir.,94553.0,MWh,train,charts/synthetic_v01/chart_025_bar.png
trdab_v01_000122,synthetic_v01,energy,chart_only,bar,max_min,easy,Verilen verideki en yüksek elektrik tüketimi kaçtır?,En yüksek elektrik tüketimi 98.038 MWh olarak verilmiştir. Bu değer 2020 yılında görülmüştür.,98038.0,MWh,train,charts/synthetic_v01/chart_025_bar.png
trdab_v01_000123,synthetic_v01,energy,table_and_chart,bar,comparison,medium,"2024 yılındaki elektrik tüketimi, 2022 yılına göre kaç MWh farklıdır?","2024 yılındaki elektrik tüketimi, 2022 yılına göre 769 MWh fazladır.",769.0,MWh,train,charts/synthetic_v01/chart_025_bar.png
trdab_v01_000124,synthetic_v01,energy,table_only,bar,percentage_change,medium,"2021 ile 2023 arasında elektrik tüketimi yaklaşık yüzde kaç değişmiştir? Artış için pozitif, azalış için negatif değer ver.","2021 ile 2023 arasında elektrik tüketimi yaklaşık %1,3 azalmıştır.",-1.3,percent,train,charts/synthetic_v01/chart_025_bar.png
trdab_v01_000125,synthetic_v01,energy,chart_only,bar,trend_summary,medium,"Verilen veriye göre elektrik tüketimi için genel eğilim nedir? Cevabı tek kelimeyle ver: artış, azalış veya dalgalı.",Verilen veri elektrik tüketimi için dalgalı bir eğilim göstermektedir. Yıllar arasında hem artış hem de azalış görüldüğü için tek yönlü güçlü bir eğilim yoktur.,,MWh,train,charts/synthetic_v01/chart_025_bar.png
trdab_v01_000126,synthetic_v01,health,table_and_chart,line,value_lookup,easy,2025 yılında hastane başvuru sayısı kaçtır?,2025 yılında hastane başvuru sayısı 331.086 başvuru olarak verilmiştir.,331086.0,başvuru,train,charts/synthetic_v01/chart_026_line.png
trdab_v01_000127,synthetic_v01,health,table_only,line,max_min,easy,Verilen verideki en yüksek hastane başvuru sayısı kaçtır?,En yüksek hastane başvuru sayısı 430.572 başvuru olarak verilmiştir. Bu değer 2020 yılında görülmüştür.,430572.0,başvuru,train,charts/synthetic_v01/chart_026_line.png
trdab_v01_000128,synthetic_v01,health,chart_only,line,comparison,medium,"2024 yılındaki hastane başvuru sayısı, 2022 yılına göre kaç başvuru farklıdır?","2024 yılındaki hastane başvuru sayısı, 2022 yılına göre 42.694 başvuru azdır.",42694.0,başvuru,train,charts/synthetic_v01/chart_026_line.png
trdab_v01_000129,synthetic_v01,health,table_and_chart,line,percentage_change,medium,"2024 ile 2025 arasında hastane başvuru sayısı yaklaşık yüzde kaç değişmiştir? Artış için pozitif, azalış için negatif değer ver.","2024 ile 2025 arasında hastane başvuru sayısı yaklaşık %5,9 azalmıştır.",-5.9,percent,train,charts/synthetic_v01/chart_026_line.png
trdab_v01_000130,synthetic_v01,health,table_only,line,trend_summary,medium,"Verilen veriye göre hastane başvuru sayısı için genel eğilim nedir? Cevabı tek kelimeyle ver: artış, azalış veya dalgalı.","Verilen veri genel olarak hastane başvuru sayısı için azalış eğilimi göstermektedir. 2020 yılında 430.572 başvuru olan değer, 2025 yılında 331.086 başvuru seviyesine düşmüştür.",,başvuru,train,charts/synthetic_v01/chart_026_line.png
trdab_v01_000131,synthetic_v01,environment,chart_only,line,value_lookup,easy,2019 yılında geri dönüştürülen atık miktarı kaçtır?,2019 yılında geri dönüştürülen atık miktarı 8.144 ton olarak verilmiştir.,8144.0,ton,train,charts/synthetic_v01/chart_027_line.png
trdab_v01_000132,synthetic_v01,environment,table_and_chart,line,max_min,easy,Verilen verideki en yüksek geri dönüştürülen atık miktarı kaçtır?,En yüksek geri dönüştürülen atık miktarı 10.275 ton olarak verilmiştir. Bu değer 2023 yılında görülmüştür.,10275.0,ton,train,charts/synthetic_v01/chart_027_line.png
trdab_v01_000133,synthetic_v01,environment,table_only,line,comparison,medium,"2019 yılındaki geri dönüştürülen atık miktarı, 2022 yılına göre kaç ton farklıdır?","2019 yılındaki geri dönüştürülen atık miktarı, 2022 yılına göre 1.557 ton azdır.",1557.0,ton,train,charts/synthetic_v01/chart_027_line.png
trdab_v01_000134,synthetic_v01,environment,chart_only,line,percentage_change,medium,"2022 ile 2023 arasında geri dönüştürülen atık miktarı yaklaşık yüzde kaç değişmiştir? Artış için pozitif, azalış için negatif değer ver.","2022 ile 2023 arasında geri dönüştürülen atık miktarı yaklaşık %5,9 artmıştır.",5.9,percent,train,charts/synthetic_v01/chart_027_line.png
trdab_v01_000135,synthetic_v01,environment,table_and_chart,line,trend_summary,medium,"Verilen veriye göre geri dönüştürülen atık miktarı için genel eğilim nedir? Cevabı tek kelimeyle ver: artış, azalış veya dalgalı.","Verilen veri genel olarak geri dönüştürülen atık miktarı için artış eğilimi göstermektedir. 2019 yılında 8.144 ton olan değer, 2023 yılında 10.275 ton seviyesine yükselmiştir.",,ton,train,charts/synthetic_v01/chart_027_line.png
trdab_v01_000136,synthetic_v01,sports,table_only,bar,value_lookup,easy,2020 yılında spor tesisi kullanım sayısı kaçtır?,2020 yılında spor tesisi kullanım sayısı 49.555 kullanım olarak verilmiştir.,49555.0,kullanım,train,charts/synthetic_v01/chart_028_bar.png
trdab_v01_000137,synthetic_v01,sports,chart_only,bar,max_min,easy,Verilen verideki en yüksek spor tesisi kullanım sayısı kaçtır?,En yüksek spor tesisi kullanım sayısı 51.661 kullanım olarak verilmiştir. Bu değer 2022 yılında görülmüştür.,51661.0,kullanım,train,charts/synthetic_v01/chart_028_bar.png
trdab_v01_000138,synthetic_v01,sports,table_and_chart,bar,comparison,medium,"2023 yılındaki spor tesisi kullanım sayısı, 2020 yılına göre kaç kullanım farklıdır?","2023 yılındaki spor tesisi kullanım sayısı, 2020 yılına göre 11.351 kullanım azdır.",11351.0,kullanım,train,charts/synthetic_v01/chart_028_bar.png
trdab_v01_000139,synthetic_v01,sports,table_only,bar,percentage_change,medium,"2021 ile 2023 arasında spor tesisi kullanım sayısı yaklaşık yüzde kaç değişmiştir? Artış için pozitif, azalış için negatif değer ver.","2021 ile 2023 arasında spor tesisi kullanım sayısı yaklaşık %13,7 azalmıştır.",-13.7,percent,train,charts/synthetic_v01/chart_028_bar.png
trdab_v01_000140,synthetic_v01,sports,chart_only,bar,trend_summary,medium,"Verilen veriye göre spor tesisi kullanım sayısı için genel eğilim nedir? Cevabı tek kelimeyle ver: artış, azalış veya dalgalı.",Verilen veri spor tesisi kullanım sayısı için dalgalı bir eğilim göstermektedir. Yıllar arasında hem artış hem de azalış görüldüğü için tek yönlü güçlü bir eğilim yoktur.,,kullanım,train,charts/synthetic_v01/chart_028_bar.png
trdab_v01_000141,synthetic_v01,municipality,table_and_chart,line,value_lookup,easy,2025 yılında belediye hizmet başvurusu kaçtır?,2025 yılında belediye hizmet başvurusu 75.026 başvuru olarak verilmiştir.,75026.0,başvuru,train,charts/synthetic_v01/chart_029_line.png
trdab_v01_000142,synthetic_v01,municipality,table_only,line,max_min,easy,Verilen verideki en düşük belediye hizmet başvurusu kaçtır?,En düşük belediye hizmet başvurusu 75.026 başvuru olarak verilmiştir. Bu değer 2025 yılında görülmüştür.,75026.0,başvuru,train,charts/synthetic_v01/chart_029_line.png
trdab_v01_000143,synthetic_v01,municipality,chart_only,line,comparison,medium,"2022 yılındaki belediye hizmet başvurusu, 2023 yılına göre kaç başvuru farklıdır?","2022 yılındaki belediye hizmet başvurusu, 2023 yılına göre 5.120 başvuru fazladır.",5120.0,başvuru,train,charts/synthetic_v01/chart_029_line.png
trdab_v01_000144,synthetic_v01,municipality,table_and_chart,line,percentage_change,medium,"2021 ile 2022 arasında belediye hizmet başvurusu yaklaşık yüzde kaç değişmiştir? Artış için pozitif, azalış için negatif değer ver.",2021 ile 2022 arasında belediye hizmet başvurusu yaklaşık %6 azalmıştır.,-6.0,percent,train,charts/synthetic_v01/chart_029_line.png
trdab_v01_000145,synthetic_v01,municipality,table_only,line,trend_summary,medium,"Verilen veriye göre belediye hizmet başvurusu için genel eğilim nedir? Cevabı tek kelimeyle ver: artış, azalış veya dalgalı.","Verilen veri genel olarak belediye hizmet başvurusu için azalış eğilimi göstermektedir. 2020 yılında 99.709 başvuru olan değer, 2025 yılında 75.026 başvuru seviyesine düşmüştür.",,başvuru,train,charts/synthetic_v01/chart_029_line.png
trdab_v01_000146,synthetic_v01,agriculture,chart_only,bar,value_lookup,easy,2023 yılında üretim miktarı kaçtır?,2023 yılında üretim miktarı 145.975 ton olarak verilmiştir.,145975.0,ton,train,charts/synthetic_v01/chart_030_bar.png
trdab_v01_000147,synthetic_v01,agriculture,table_and_chart,bar,max_min,easy,Verilen verideki en düşük üretim miktarı kaçtır?,En düşük üretim miktarı 133.413 ton olarak verilmiştir. Bu değer 2025 yılında görülmüştür.,133413.0,ton,train,charts/synthetic_v01/chart_030_bar.png
trdab_v01_000148,synthetic_v01,agriculture,table_only,bar,comparison,medium,"2023 yılındaki üretim miktarı, 2024 yılına göre kaç ton farklıdır?","2023 yılındaki üretim miktarı, 2024 yılına göre 14.052 ton azdır.",14052.0,ton,train,charts/synthetic_v01/chart_030_bar.png
trdab_v01_000149,synthetic_v01,agriculture,chart_only,bar,percentage_change,medium,"2020 ile 2023 arasında üretim miktarı yaklaşık yüzde kaç değişmiştir? Artış için pozitif, azalış için negatif değer ver.","2020 ile 2023 arasında üretim miktarı yaklaşık %7,7 azalmıştır.",-7.7,percent,train,charts/synthetic_v01/chart_030_bar.png
trdab_v01_000150,synthetic_v01,agriculture,table_and_chart,bar,trend_summary,medium,"Verilen veriye göre üretim miktarı için genel eğilim nedir? Cevabı tek kelimeyle ver: artış, azalış veya dalgalı.","Verilen veri genel olarak üretim miktarı için azalış eğilimi göstermektedir. 2020 yılında 158.124 ton olan değer, 2025 yılında 133.413 ton seviyesine düşmüştür.",,ton,train,charts/synthetic_v01/chart_030_bar.png
trdab_v01_000151,synthetic_v01,transportation,table_only,bar,value_lookup,easy,2021 yılında yolcu sayısı kaçtır?,2021 yılında yolcu sayısı 1.494.106 kişi olarak verilmiştir.,1494106.0,kişi,train,charts/synthetic_v01/chart_031_bar.png
trdab_v01_000152,synthetic_v01,transportation,chart_only,bar,max_min,easy,Verilen verideki en yüksek yolcu sayısı kaçtır?,En yüksek yolcu sayısı 1.825.894 kişi olarak verilmiştir. Bu değer 2018 yılında görülmüştür.,1825894.0,kişi,train,charts/synthetic_v01/chart_031_bar.png
trdab_v01_000153,synthetic_v01,transportation,table_and_chart,bar,comparison,medium,"2019 yılındaki yolcu sayısı, 2021 yılına göre kaç kişi farklıdır?","2019 yılındaki yolcu sayısı, 2021 yılına göre 269.085 kişi fazladır.",269085.0,kişi,train,charts/synthetic_v01/chart_031_bar.png
trdab_v01_000154,synthetic_v01,transportation,table_only,bar,percentage_change,medium,"2020 ile 2021 arasında yolcu sayısı yaklaşık yüzde kaç değişmiştir? Artış için pozitif, azalış için negatif değer ver.","2020 ile 2021 arasında yolcu sayısı yaklaşık %10,3 azalmıştır.",-10.3,percent,train,charts/synthetic_v01/chart_031_bar.png
trdab_v01_000155,synthetic_v01,transportation,chart_only,bar,trend_summary,medium,"Verilen veriye göre yolcu sayısı için genel eğilim nedir? Cevabı tek kelimeyle ver: artış, azalış veya dalgalı.","Verilen veri genel olarak yolcu sayısı için azalış eğilimi göstermektedir. 2018 yılında 1.825.894 kişi olan değer, 2023 yılında 1.312.473 kişi seviyesine düşmüştür.",,kişi,train,charts/synthetic_v01/chart_031_bar.png
trdab_v01_000156,synthetic_v01,economy,table_and_chart,line,value_lookup,easy,2022 yılında ihracat değeri kaçtır?,2022 yılında ihracat değeri 222 milyon dolar olarak verilmiştir.,222.0,milyon dolar,train,charts/synthetic_v01/chart_032_line.png
trdab_v01_000157,synthetic_v01,economy,table_only,line,max_min,easy,Verilen verideki en yüksek ihracat değeri kaçtır?,En yüksek ihracat değeri 269 milyon dolar olarak verilmiştir. Bu değer 2019 yılında görülmüştür.,269.0,milyon dolar,train,charts/synthetic_v01/chart_032_line.png
trdab_v01_000158,synthetic_v01,economy,chart_only,line,comparison,medium,"2019 yılındaki ihracat değeri, 2023 yılına göre kaç milyon dolar farklıdır?","2019 yılındaki ihracat değeri, 2023 yılına göre 71 milyon dolar fazladır.",71.0,milyon dolar,train,charts/synthetic_v01/chart_032_line.png
trdab_v01_000159,synthetic_v01,economy,table_and_chart,line,percentage_change,medium,"2019 ile 2022 arasında ihracat değeri yaklaşık yüzde kaç değişmiştir? Artış için pozitif, azalış için negatif değer ver.","2019 ile 2022 arasında ihracat değeri yaklaşık %17,5 azalmıştır.",-17.5,percent,train,charts/synthetic_v01/chart_032_line.png
trdab_v01_000160,synthetic_v01,economy,table_only,line,trend_summary,medium,"Verilen veriye göre ihracat değeri için genel eğilim nedir? Cevabı tek kelimeyle ver: artış, azalış veya dalgalı.","Verilen veri genel olarak ihracat değeri için azalış eğilimi göstermektedir. 2019 yılında 269 milyon dolar olan değer, 2023 yılında 198 milyon dolar seviyesine düşmüştür.",,milyon dolar,train,charts/synthetic_v01/chart_032_line.png
trdab_v01_000161,synthetic_v01,education,chart_only,line,value_lookup,easy,2021 yılında öğrenci sayısı kaçtır?,2021 yılında öğrenci sayısı 28.200 öğrenci olarak verilmiştir.,28200.0,öğrenci,train,charts/synthetic_v01/chart_033_line.png
trdab_v01_000162,synthetic_v01,education,table_and_chart,line,max_min,easy,Verilen verideki en düşük öğrenci sayısı kaçtır?,En düşük öğrenci sayısı 25.106 öğrenci olarak verilmiştir. Bu değer 2018 yılında görülmüştür.,25106.0,öğrenci,train,charts/synthetic_v01/chart_033_line.png
trdab_v01_000163,synthetic_v01,education,table_only,line,comparison,medium,"2021 yılındaki öğrenci sayısı, 2020 yılına göre kaç öğrenci farklıdır?","2021 yılındaki öğrenci sayısı, 2020 yılına göre 1.315 öğrenci fazladır.",1315.0,öğrenci,train,charts/synthetic_v01/chart_033_line.png
trdab_v01_000164,synthetic_v01,education,chart_only,line,percentage_change,medium,"2020 ile 2021 arasında öğrenci sayısı yaklaşık yüzde kaç değişmiştir? Artış için pozitif, azalış için negatif değer ver.","2020 ile 2021 arasında öğrenci sayısı yaklaşık %4,9 artmıştır.",4.9,percent,train,charts/synthetic_v01/chart_033_line.png
trdab_v01_000165,synthetic_v01,education,table_and_chart,line,trend_summary,medium,"Verilen veriye göre öğrenci sayısı için genel eğilim nedir? Cevabı tek kelimeyle ver: artış, azalış veya dalgalı.","Verilen veri genel olarak öğrenci sayısı için artış eğilimi göstermektedir. 2018 yılında 25.106 öğrenci olan değer, 2023 yılında 30.469 öğrenci seviyesine yükselmiştir.",,öğrenci,train,charts/synthetic_v01/chart_033_line.png
trdab_v01_000166,synthetic_v01,tourism,table_only,line,value_lookup,easy,2019 yılında ziyaretçi sayısı kaçtır?,2019 yılında ziyaretçi sayısı 927.937 kişi olarak verilmiştir.,927937.0,kişi,train,charts/synthetic_v01/chart_034_line.png
trdab_v01_000167,synthetic_v01,tourism,chart_only,line,max_min,easy,Verilen verideki en yüksek ziyaretçi sayısı kaçtır?,En yüksek ziyaretçi sayısı 927.937 kişi olarak verilmiştir. Bu değer 2019 yılında görülmüştür.,927937.0,kişi,train,charts/synthetic_v01/chart_034_line.png
trdab_v01_000168,synthetic_v01,tourism,table_and_chart,line,comparison,medium,"2023 yılındaki ziyaretçi sayısı, 2020 yılına göre kaç kişi farklıdır?","2023 yılındaki ziyaretçi sayısı, 2020 yılına göre 230.657 kişi azdır.",230657.0,kişi,train,charts/synthetic_v01/chart_034_line.png
trdab_v01_000169,synthetic_v01,tourism,table_only,line,percentage_change,medium,"2019 ile 2020 arasında ziyaretçi sayısı yaklaşık yüzde kaç değişmiştir? Artış için pozitif, azalış için negatif değer ver.","2019 ile 2020 arasında ziyaretçi sayısı yaklaşık %3,9 azalmıştır.",-3.9,percent,train,charts/synthetic_v01/chart_034_line.png
trdab_v01_000170,synthetic_v01,tourism,chart_only,line,trend_summary,medium,"Verilen veriye göre ziyaretçi sayısı için genel eğilim nedir? Cevabı tek kelimeyle ver: artış, azalış veya dalgalı.","Verilen veri genel olarak ziyaretçi sayısı için azalış eğilimi göstermektedir. 2019 yılında 927.937 kişi olan değer, 2023 yılında 661.361 kişi seviyesine düşmüştür.",,kişi,train,charts/synthetic_v01/chart_034_line.png
trdab_v01_000171,synthetic_v01,energy,table_and_chart,bar,value_lookup,easy,2020 yılında elektrik tüketimi kaçtır?,2020 yılında elektrik tüketimi 104.310 MWh olarak verilmiştir.,104310.0,MWh,train,charts/synthetic_v01/chart_035_bar.png
trdab_v01_000172,synthetic_v01,energy,table_only,bar,max_min,easy,Verilen verideki en yüksek elektrik tüketimi kaçtır?,En yüksek elektrik tüketimi 113.742 MWh olarak verilmiştir. Bu değer 2018 yılında görülmüştür.,113742.0,MWh,train,charts/synthetic_v01/chart_035_bar.png
trdab_v01_000173,synthetic_v01,energy,chart_only,bar,comparison,medium,"2018 yılındaki elektrik tüketimi, 2022 yılına göre kaç MWh farklıdır?","2018 yılındaki elektrik tüketimi, 2022 yılına göre 18.838 MWh fazladır.",18838.0,MWh,train,charts/synthetic_v01/chart_035_bar.png
trdab_v01_000174,synthetic_v01,energy,table_and_chart,bar,percentage_change,medium,"2019 ile 2020 arasında elektrik tüketimi yaklaşık yüzde kaç değişmiştir? Artış için pozitif, azalış için negatif değer ver.","2019 ile 2020 arasında elektrik tüketimi yaklaşık %2,5 azalmıştır.",-2.5,percent,train,charts/synthetic_v01/chart_035_bar.png
trdab_v01_000175,synthetic_v01,energy,table_only,bar,trend_summary,medium,"Verilen veriye göre elektrik tüketimi için genel eğilim nedir? Cevabı tek kelimeyle ver: artış, azalış veya dalgalı.","Verilen veri genel olarak elektrik tüketimi için azalış eğilimi göstermektedir. 2018 yılında 113.742 MWh olan değer, 2022 yılında 94.904 MWh seviyesine düşmüştür.",,MWh,train,charts/synthetic_v01/chart_035_bar.png
trdab_v01_000176,synthetic_v01,health,chart_only,line,value_lookup,easy,2018 yılında hastane başvuru sayısı kaçtır?,2018 yılında hastane başvuru sayısı 412.767 başvuru olarak verilmiştir.,412767.0,başvuru,train,charts/synthetic_v01/chart_036_line.png
trdab_v01_000177,synthetic_v01,health,table_and_chart,line,max_min,easy,Verilen verideki en yüksek hastane başvuru sayısı kaçtır?,En yüksek hastane başvuru sayısı 412.767 başvuru olarak verilmiştir. Bu değer 2018 yılında görülmüştür.,412767.0,başvuru,train,charts/synthetic_v01/chart_036_line.png
trdab_v01_000178,synthetic_v01,health,table_only,line,comparison,medium,"2020 yılındaki hastane başvuru sayısı, 2018 yılına göre kaç başvuru farklıdır?","2020 yılındaki hastane başvuru sayısı, 2018 yılına göre 43.284 başvuru azdır.",43284.0,başvuru,train,charts/synthetic_v01/chart_036_line.png
trdab_v01_000179,synthetic_v01,health,chart_only,line,percentage_change,medium,"2018 ile 2022 arasında hastane başvuru sayısı yaklaşık yüzde kaç değişmiştir? Artış için pozitif, azalış için negatif değer ver.","2018 ile 2022 arasında hastane başvuru sayısı yaklaşık %18,8 azalmıştır.",-18.8,percent,train,charts/synthetic_v01/chart_036_line.png
trdab_v01_000180,synthetic_v01,health,table_and_chart,line,trend_summary,medium,"Verilen veriye göre hastane başvuru sayısı için genel eğilim nedir? Cevabı tek kelimeyle ver: artış, azalış veya dalgalı.","Verilen veri genel olarak hastane başvuru sayısı için azalış eğilimi göstermektedir. 2018 yılında 412.767 başvuru olan değer, 2022 yılında 335.048 başvuru seviyesine düşmüştür.",,başvuru,train,charts/synthetic_v01/chart_036_line.png
trdab_v01_000181,synthetic_v01,environment,table_only,bar,value_lookup,easy,2020 yılında geri dönüştürülen atık miktarı kaçtır?,2020 yılında geri dönüştürülen atık miktarı 11.072 ton olarak verilmiştir.,11072.0,ton,train,charts/synthetic_v01/chart_037_bar.png
trdab_v01_000182,synthetic_v01,environment,chart_only,bar,max_min,easy,Verilen verideki en düşük geri dönüştürülen atık miktarı kaçtır?,En düşük geri dönüştürülen atık miktarı 8.435 ton olarak verilmiştir. Bu değer 2024 yılında görülmüştür.,8435.0,ton,train,charts/synthetic_v01/chart_037_bar.png
trdab_v01_000183,synthetic_v01,environment,table_and_chart,bar,comparison,medium,"2020 yılındaki geri dönüştürülen atık miktarı, 2023 yılına göre kaç ton farklıdır?","2020 yılındaki geri dönüştürülen atık miktarı, 2023 yılına göre 1.883 ton fazladır.",1883.0,ton,train,charts/synthetic_v01/chart_037_bar.png
trdab_v01_000184,synthetic_v01,environment,table_only,bar,percentage_change,medium,"2022 ile 2023 arasında geri dönüştürülen atık miktarı yaklaşık yüzde kaç değişmiştir? Artış için pozitif, azalış için negatif değer ver.","2022 ile 2023 arasında geri dönüştürülen atık miktarı yaklaşık %7,5 azalmıştır.",-7.5,percent,train,charts/synthetic_v01/chart_037_bar.png
trdab_v01_000185,synthetic_v01,environment,chart_only,bar,trend_summary,medium,"Verilen veriye göre geri dönüştürülen atık miktarı için genel eğilim nedir? Cevabı tek kelimeyle ver: artış, azalış veya dalgalı.","Verilen veri genel olarak geri dönüştürülen atık miktarı için azalış eğilimi göstermektedir. 2020 yılında 11.072 ton olan değer, 2024 yılında 8.435 ton seviyesine düşmüştür.",,ton,train,charts/synthetic_v01/chart_037_bar.png
trdab_v01_000186,synthetic_v01,sports,table_and_chart,bar,value_lookup,easy,2022 yılında spor tesisi kullanım sayısı kaçtır?,2022 yılında spor tesisi kullanım sayısı 49.906 kullanım olarak verilmiştir.,49906.0,kullanım,train,charts/synthetic_v01/chart_038_bar.png
trdab_v01_000187,synthetic_v01,sports,table_only,bar,max_min,easy,Verilen verideki en yüksek spor tesisi kullanım sayısı kaçtır?,En yüksek spor tesisi kullanım sayısı 49.906 kullanım olarak verilmiştir. Bu değer 2022 yılında görülmüştür.,49906.0,kullanım,train,charts/synthetic_v01/chart_038_bar.png
trdab_v01_000188,synthetic_v01,sports,chart_only,bar,comparison,medium,"2022 yılındaki spor tesisi kullanım sayısı, 2023 yılına göre kaç kullanım farklıdır?","2022 yılındaki spor tesisi kullanım sayısı, 2023 yılına göre 8.407 kullanım fazladır.",8407.0,kullanım,train,charts/synthetic_v01/chart_038_bar.png
trdab_v01_000189,synthetic_v01,sports,table_and_chart,bar,percentage_change,medium,"2021 ile 2023 arasında spor tesisi kullanım sayısı yaklaşık yüzde kaç değişmiştir? Artış için pozitif, azalış için negatif değer ver.",2021 ile 2023 arasında spor tesisi kullanım sayısı yaklaşık %3 artmıştır.,3.0,percent,train,charts/synthetic_v01/chart_038_bar.png
trdab_v01_000190,synthetic_v01,sports,table_only,bar,trend_summary,medium,"Verilen veriye göre spor tesisi kullanım sayısı için genel eğilim nedir? Cevabı tek kelimeyle ver: artış, azalış veya dalgalı.","Verilen veri genel olarak spor tesisi kullanım sayısı için azalış eğilimi göstermektedir. 2020 yılında 48.127 kullanım olan değer, 2025 yılında 39.540 kullanım seviyesine düşmüştür.",,kullanım,train,charts/synthetic_v01/chart_038_bar.png
trdab_v01_000191,synthetic_v01,municipality,chart_only,line,value_lookup,easy,2022 yılında belediye hizmet başvurusu kaçtır?,2022 yılında belediye hizmet başvurusu 79.131 başvuru olarak verilmiştir.,79131.0,başvuru,train,charts/synthetic_v01/chart_039_line.png
trdab_v01_000192,synthetic_v01,municipality,table_and_chart,line,max_min,easy,Verilen verideki en yüksek belediye hizmet başvurusu kaçtır?,En yüksek belediye hizmet başvurusu 98.594 başvuru olarak verilmiştir. Bu değer 2018 yılında görülmüştür.,98594.0,başvuru,train,charts/synthetic_v01/chart_039_line.png
trdab_v01_000193,synthetic_v01,municipality,table_only,line,comparison,medium,"2019 yılındaki belediye hizmet başvurusu, 2018 yılına göre kaç başvuru farklıdır?","2019 yılındaki belediye hizmet başvurusu, 2018 yılına göre 5.049 başvuru azdır.",5049.0,başvuru,train,charts/synthetic_v01/chart_039_line.png
trdab_v01_000194,synthetic_v01,municipality,chart_only,line,percentage_change,medium,"2021 ile 2023 arasında belediye hizmet başvurusu yaklaşık yüzde kaç değişmiştir? Artış için pozitif, azalış için negatif değer ver.","2021 ile 2023 arasında belediye hizmet başvurusu yaklaşık %11,9 azalmıştır.",-11.9,percent,train,charts/synthetic_v01/chart_039_line.png
trdab_v01_000195,synthetic_v01,municipality,table_and_chart,line,trend_summary,medium,"Verilen veriye göre belediye hizmet başvurusu için genel eğilim nedir? Cevabı tek kelimeyle ver: artış, azalış veya dalgalı.","Verilen veri genel olarak belediye hizmet başvurusu için azalış eğilimi göstermektedir. 2018 yılında 98.594 başvuru olan değer, 2023 yılında 75.476 başvuru seviyesine düşmüştür.",,başvuru,train,charts/synthetic_v01/chart_039_line.png
trdab_v01_000196,synthetic_v01,agriculture,table_only,bar,value_lookup,easy,2021 yılında üretim miktarı kaçtır?,2021 yılında üretim miktarı 161.969 ton olarak verilmiştir.,161969.0,ton,train,charts/synthetic_v01/chart_040_bar.png
trdab_v01_000197,synthetic_v01,agriculture,chart_only,bar,max_min,easy,Verilen verideki en düşük üretim miktarı kaçtır?,En düşük üretim miktarı 142.836 ton olarak verilmiştir. Bu değer 2022 yılında görülmüştür.,142836.0,ton,train,charts/synthetic_v01/chart_040_bar.png
trdab_v01_000198,synthetic_v01,agriculture,table_and_chart,bar,comparison,medium,"2023 yılındaki üretim miktarı, 2021 yılına göre kaç ton farklıdır?","2023 yılındaki üretim miktarı, 2021 yılına göre 6.436 ton fazladır.",6436.0,ton,train,charts/synthetic_v01/chart_040_bar.png
trdab_v01_000199,synthetic_v01,agriculture,table_only,bar,percentage_change,medium,"2020 ile 2021 arasında üretim miktarı yaklaşık yüzde kaç değişmiştir? Artış için pozitif, azalış için negatif değer ver.","2020 ile 2021 arasında üretim miktarı yaklaşık %12,1 artmıştır.",12.1,percent,train,charts/synthetic_v01/chart_040_bar.png
trdab_v01_000200,synthetic_v01,agriculture,chart_only,bar,trend_summary,medium,"Verilen veriye göre üretim miktarı için genel eğilim nedir? Cevabı tek kelimeyle ver: artış, azalış veya dalgalı.",Verilen veri üretim miktarı için dalgalı bir eğilim göstermektedir. Yıllar arasında hem artış hem de azalış görüldüğü için tek yönlü güçlü bir eğilim yoktur.,,ton,train,charts/synthetic_v01/chart_040_bar.png
trdab_v01_000201,synthetic_v01,transportation,table_and_chart,bar,value_lookup,easy,2020 yılında yolcu sayısı kaçtır?,2020 yılında yolcu sayısı 1.517.601 kişi olarak verilmiştir.,1517601.0,kişi,train,charts/synthetic_v01/chart_041_bar.png
trdab_v01_000202,synthetic_v01,transportation,table_only,bar,max_min,easy,Verilen verideki en düşük yolcu sayısı kaçtır?,En düşük yolcu sayısı 1.301.695 kişi olarak verilmiştir. Bu değer 2022 yılında görülmüştür.,1301695.0,kişi,train,charts/synthetic_v01/chart_041_bar.png
trdab_v01_000203,synthetic_v01,transportation,chart_only,bar,comparison,medium,"2019 yılındaki yolcu sayısı, 2018 yılına göre kaç kişi farklıdır?","2019 yılındaki yolcu sayısı, 2018 yılına göre 55.434 kişi azdır.",55434.0,kişi,train,charts/synthetic_v01/chart_041_bar.png
trdab_v01_000204,synthetic_v01,transportation,table_and_chart,bar,percentage_change,medium,"2019 ile 2020 arasında yolcu sayısı yaklaşık yüzde kaç değişmiştir? Artış için pozitif, azalış için negatif değer ver.","2019 ile 2020 arasında yolcu sayısı yaklaşık %9,3 azalmıştır.",-9.3,percent,train,charts/synthetic_v01/chart_041_bar.png
trdab_v01_000205,synthetic_v01,transportation,table_only,bar,trend_summary,medium,"Verilen veriye göre yolcu sayısı için genel eğilim nedir? Cevabı tek kelimeyle ver: artış, azalış veya dalgalı.","Verilen veri genel olarak yolcu sayısı için azalış eğilimi göstermektedir. 2018 yılında 1.729.004 kişi olan değer, 2022 yılında 1.301.695 kişi seviyesine düşmüştür.",,kişi,train,charts/synthetic_v01/chart_041_bar.png
trdab_v01_000206,synthetic_v01,economy,chart_only,line,value_lookup,easy,2019 yılında ihracat değeri kaçtır?,2019 yılında ihracat değeri 264 milyon dolar olarak verilmiştir.,264.0,milyon dolar,train,charts/synthetic_v01/chart_042_line.png
trdab_v01_000207,synthetic_v01,economy,table_and_chart,line,max_min,easy,Verilen verideki en düşük ihracat değeri kaçtır?,En düşük ihracat değeri 196 milyon dolar olarak verilmiştir. Bu değer 2023 yılında görülmüştür.,196.0,milyon dolar,train,charts/synthetic_v01/chart_042_line.png
trdab_v01_000208,synthetic_v01,economy,table_only,line,comparison,medium,"2022 yılındaki ihracat değeri, 2020 yılına göre kaç milyon dolar farklıdır?","2022 yılındaki ihracat değeri, 2020 yılına göre 45 milyon dolar azdır.",45.0,milyon dolar,train,charts/synthetic_v01/chart_042_line.png
trdab_v01_000209,synthetic_v01,economy,chart_only,line,percentage_change,medium,"2019 ile 2023 arasında ihracat değeri yaklaşık yüzde kaç değişmiştir? Artış için pozitif, azalış için negatif değer ver.","2019 ile 2023 arasında ihracat değeri yaklaşık %25,8 azalmıştır.",-25.8,percent,train,charts/synthetic_v01/chart_042_line.png
trdab_v01_000210,synthetic_v01,economy,table_and_chart,line,trend_summary,medium,"Verilen veriye göre ihracat değeri için genel eğilim nedir? Cevabı tek kelimeyle ver: artış, azalış veya dalgalı.","Verilen veri genel olarak ihracat değeri için azalış eğilimi göstermektedir. 2019 yılında 264 milyon dolar olan değer, 2023 yılında 196 milyon dolar seviyesine düşmüştür.",,milyon dolar,train,charts/synthetic_v01/chart_042_line.png
trdab_v01_000211,synthetic_v01,education,table_only,bar,value_lookup,easy,2020 yılında öğrenci sayısı kaçtır?,2020 yılında öğrenci sayısı 31.724 öğrenci olarak verilmiştir.,31724.0,öğrenci,train,charts/synthetic_v01/chart_043_bar.png
trdab_v01_000212,synthetic_v01,education,chart_only,bar,max_min,easy,Verilen verideki en yüksek öğrenci sayısı kaçtır?,En yüksek öğrenci sayısı 31.724 öğrenci olarak verilmiştir. Bu değer 2020 yılında görülmüştür.,31724.0,öğrenci,train,charts/synthetic_v01/chart_043_bar.png
trdab_v01_000213,synthetic_v01,education,table_and_chart,bar,comparison,medium,"2025 yılındaki öğrenci sayısı, 2023 yılına göre kaç öğrenci farklıdır?","2025 yılındaki öğrenci sayısı, 2023 yılına göre 2.130 öğrenci azdır.",2130.0,öğrenci,train,charts/synthetic_v01/chart_043_bar.png
trdab_v01_000214,synthetic_v01,education,table_only,bar,percentage_change,medium,"2020 ile 2024 arasında öğrenci sayısı yaklaşık yüzde kaç değişmiştir? Artış için pozitif, azalış için negatif değer ver.","2020 ile 2024 arasında öğrenci sayısı yaklaşık %15,3 azalmıştır.",-15.3,percent,train,charts/synthetic_v01/chart_043_bar.png
trdab_v01_000215,synthetic_v01,education,chart_only,bar,trend_summary,medium,"Verilen veriye göre öğrenci sayısı için genel eğilim nedir? Cevabı tek kelimeyle ver: artış, azalış veya dalgalı.","Verilen veri genel olarak öğrenci sayısı için azalış eğilimi göstermektedir. 2020 yılında 31.724 öğrenci olan değer, 2025 yılında 25.992 öğrenci seviyesine düşmüştür.",,öğrenci,train,charts/synthetic_v01/chart_043_bar.png
trdab_v01_000216,synthetic_v01,tourism,table_and_chart,line,value_lookup,easy,2024 yılında ziyaretçi sayısı kaçtır?,2024 yılında ziyaretçi sayısı 872.932 kişi olarak verilmiştir.,872932.0,kişi,train,charts/synthetic_v01/chart_044_line.png
trdab_v01_000217,synthetic_v01,tourism,table_only,line,max_min,easy,Verilen verideki en düşük ziyaretçi sayısı kaçtır?,En düşük ziyaretçi sayısı 586.444 kişi olarak verilmiştir. Bu değer 2020 yılında görülmüştür.,586444.0,kişi,train,charts/synthetic_v01/chart_044_line.png
trdab_v01_000218,synthetic_v01,tourism,chart_only,line,comparison,medium,"2021 yılındaki ziyaretçi sayısı, 2024 yılına göre kaç kişi farklıdır?","2021 yılındaki ziyaretçi sayısı, 2024 yılına göre 189.379 kişi azdır.",189379.0,kişi,train,charts/synthetic_v01/chart_044_line.png
trdab_v01_000219,synthetic_v01,tourism,table_and_chart,line,percentage_change,medium,"2023 ile 2024 arasında ziyaretçi sayısı yaklaşık yüzde kaç değişmiştir? Artış için pozitif, azalış için negatif değer ver.","2023 ile 2024 arasında ziyaretçi sayısı yaklaşık %10,2 artmıştır.",10.2,percent,train,charts/synthetic_v01/chart_044_line.png
trdab_v01_000220,synthetic_v01,tourism,table_only,line,trend_summary,medium,"Verilen veriye göre ziyaretçi sayısı için genel eğilim nedir? Cevabı tek kelimeyle ver: artış, azalış veya dalgalı.","Verilen veri genel olarak ziyaretçi sayısı için artış eğilimi göstermektedir. 2020 yılında 586.444 kişi olan değer, 2024 yılında 872.932 kişi seviyesine yükselmiştir.",,kişi,train,charts/synthetic_v01/chart_044_line.png
trdab_v01_000221,synthetic_v01,energy,chart_only,line,value_lookup,easy,2020 yılında elektrik tüketimi kaçtır?,2020 yılında elektrik tüketimi 112.756 MWh olarak verilmiştir.,112756.0,MWh,train,charts/synthetic_v01/chart_045_line.png
trdab_v01_000222,synthetic_v01,energy,table_and_chart,line,max_min,easy,Verilen verideki en yüksek elektrik tüketimi kaçtır?,En yüksek elektrik tüketimi 117.910 MWh olarak verilmiştir. Bu değer 2019 yılında görülmüştür.,117910.0,MWh,train,charts/synthetic_v01/chart_045_line.png
trdab_v01_000223,synthetic_v01,energy,table_only,line,comparison,medium,"2019 yılındaki elektrik tüketimi, 2021 yılına göre kaç MWh farklıdır?","2019 yılındaki elektrik tüketimi, 2021 yılına göre 10.160 MWh fazladır.",10160.0,MWh,train,charts/synthetic_v01/chart_045_line.png
trdab_v01_000224,synthetic_v01,energy,chart_only,line,percentage_change,medium,"2020 ile 2024 arasında elektrik tüketimi yaklaşık yüzde kaç değişmiştir? Artış için pozitif, azalış için negatif değer ver.","2020 ile 2024 arasında elektrik tüketimi yaklaşık %17,3 azalmıştır.",-17.3,percent,train,charts/synthetic_v01/chart_045_line.png
trdab_v01_000225,synthetic_v01,energy,table_and_chart,line,trend_summary,medium,"Verilen veriye göre elektrik tüketimi için genel eğilim nedir? Cevabı tek kelimeyle ver: artış, azalış veya dalgalı.","Verilen veri genel olarak elektrik tüketimi için azalış eğilimi göstermektedir. 2019 yılında 117.910 MWh olan değer, 2024 yılında 93.246 MWh seviyesine düşmüştür.",,MWh,train,charts/synthetic_v01/chart_045_line.png
trdab_v01_000226,synthetic_v01,health,table_only,bar,value_lookup,easy,2020 yılında hastane başvuru sayısı kaçtır?,2020 yılında hastane başvuru sayısı 350.715 başvuru olarak verilmiştir.,350715.0,başvuru,train,charts/synthetic_v01/chart_046_bar.png
trdab_v01_000227,synthetic_v01,health,chart_only,bar,max_min,easy,Verilen verideki en yüksek hastane başvuru sayısı kaçtır?,En yüksek hastane başvuru sayısı 393.063 başvuru olarak verilmiştir. Bu değer 2022 yılında görülmüştür.,393063.0,başvuru,train,charts/synthetic_v01/chart_046_bar.png
trdab_v01_000228,synthetic_v01,health,table_and_chart,bar,comparison,medium,"2020 yılındaki hastane başvuru sayısı, 2019 yılına göre kaç başvuru farklıdır?","2020 yılındaki hastane başvuru sayısı, 2019 yılına göre 20.688 başvuru fazladır.",20688.0,başvuru,train,charts/synthetic_v01/chart_046_bar.png
trdab_v01_000229,synthetic_v01,health,table_only,bar,percentage_change,medium,"2020 ile 2021 arasında hastane başvuru sayısı yaklaşık yüzde kaç değişmiştir? Artış için pozitif, azalış için negatif değer ver.","2020 ile 2021 arasında hastane başvuru sayısı yaklaşık %6,8 artmıştır.",6.8,percent,train,charts/synthetic_v01/chart_046_bar.png
trdab_v01_000230,synthetic_v01,health,chart_only,bar,trend_summary,medium,"Verilen veriye göre hastane başvuru sayısı için genel eğilim nedir? Cevabı tek kelimeyle ver: artış, azalış veya dalgalı.","Verilen veri genel olarak hastane başvuru sayısı için artış eğilimi göstermektedir. 2018 yılında 303.377 başvuru olan değer, 2022 yılında 393.063 başvuru seviyesine yükselmiştir.",,başvuru,train,charts/synthetic_v01/chart_046_bar.png
trdab_v01_000231,synthetic_v01,environment,table_and_chart,line,value_lookup,easy,2022 yılında geri dönüştürülen atık miktarı kaçtır?,2022 yılında geri dönüştürülen atık miktarı 8.617 ton olarak verilmiştir.,8617.0,ton,train,charts/synthetic_v01/chart_047_line.png
trdab_v01_000232,synthetic_v01,environment,table_only,line,max_min,easy,Verilen verideki en yüksek geri dönüştürülen atık miktarı kaçtır?,En yüksek geri dönüştürülen atık miktarı 11.120 ton olarak verilmiştir. Bu değer 2018 yılında görülmüştür.,11120.0,ton,train,charts/synthetic_v01/chart_047_line.png
trdab_v01_000233,synthetic_v01,environment,chart_only,line,comparison,medium,"2020 yılındaki geri dönüştürülen atık miktarı, 2019 yılına göre kaç ton farklıdır?","2020 yılındaki geri dönüştürülen atık miktarı, 2019 yılına göre 563 ton azdır.",563.0,ton,train,charts/synthetic_v01/chart_047_line.png
trdab_v01_000234,synthetic_v01,environment,table_and_chart,line,percentage_change,medium,"2018 ile 2019 arasında geri dönüştürülen atık miktarı yaklaşık yüzde kaç değişmiştir? Artış için pozitif, azalış için negatif değer ver.","2018 ile 2019 arasında geri dönüştürülen atık miktarı yaklaşık %5,6 azalmıştır.",-5.6,percent,train,charts/synthetic_v01/chart_047_line.png
trdab_v01_000235,synthetic_v01,environment,table_only,line,trend_summary,medium,"Verilen veriye göre geri dönüştürülen atık miktarı için genel eğilim nedir? Cevabı tek kelimeyle ver: artış, azalış veya dalgalı.","Verilen veri genel olarak geri dönüştürülen atık miktarı için azalış eğilimi göstermektedir. 2018 yılında 11.120 ton olan değer, 2022 yılında 8.617 ton seviyesine düşmüştür.",,ton,train,charts/synthetic_v01/chart_047_line.png
trdab_v01_000236,synthetic_v01,sports,chart_only,bar,value_lookup,easy,2020 yılında spor tesisi kullanım sayısı kaçtır?,2020 yılında spor tesisi kullanım sayısı 54.043 kullanım olarak verilmiştir.,54043.0,kullanım,train,charts/synthetic_v01/chart_048_bar.png
trdab_v01_000237,synthetic_v01,sports,table_and_chart,bar,max_min,easy,Verilen verideki en düşük spor tesisi kullanım sayısı kaçtır?,En düşük spor tesisi kullanım sayısı 48.379 kullanım olarak verilmiştir. Bu değer 2022 yılında görülmüştür.,48379.0,kullanım,train,charts/synthetic_v01/chart_048_bar.png
trdab_v01_000238,synthetic_v01,sports,table_only,bar,comparison,medium,"2018 yılındaki spor tesisi kullanım sayısı, 2021 yılına göre kaç kullanım farklıdır?","2018 yılındaki spor tesisi kullanım sayısı, 2021 yılına göre 8.863 kullanım fazladır.",8863.0,kullanım,train,charts/synthetic_v01/chart_048_bar.png
trdab_v01_000239,synthetic_v01,sports,chart_only,bar,percentage_change,medium,"2018 ile 2022 arasında spor tesisi kullanım sayısı yaklaşık yüzde kaç değişmiştir? Artış için pozitif, azalış için negatif değer ver.","2018 ile 2022 arasında spor tesisi kullanım sayısı yaklaşık %20,8 azalmıştır.",-20.8,percent,train,charts/synthetic_v01/chart_048_bar.png
trdab_v01_000240,synthetic_v01,sports,table_and_chart,bar,trend_summary,medium,"Verilen veriye göre spor tesisi kullanım sayısı için genel eğilim nedir? Cevabı tek kelimeyle ver: artış, azalış veya dalgalı.","Verilen veri genel olarak spor tesisi kullanım sayısı için azalış eğilimi göstermektedir. 2018 yılında 61.116 kullanım olan değer, 2022 yılında 48.379 kullanım seviyesine düşmüştür.",,kullanım,train,charts/synthetic_v01/chart_048_bar.png
trdab_v01_000241,synthetic_v01,municipality,table_only,bar,value_lookup,easy,2019 yılında belediye hizmet başvurusu kaçtır?,2019 yılında belediye hizmet başvurusu 69.848 başvuru olarak verilmiştir.,69848.0,başvuru,validation,charts/synthetic_v01/chart_049_bar.png
trdab_v01_000242,synthetic_v01,municipality,chart_only,bar,max_min,easy,Verilen verideki en düşük belediye hizmet başvurusu kaçtır?,En düşük belediye hizmet başvurusu 58.797 başvuru olarak verilmiştir. Bu değer 2020 yılında görülmüştür.,58797.0,başvuru,validation,charts/synthetic_v01/chart_049_bar.png
trdab_v01_000243,synthetic_v01,municipality,table_and_chart,bar,comparison,medium,"2022 yılındaki belediye hizmet başvurusu, 2021 yılına göre kaç başvuru farklıdır?","2022 yılındaki belediye hizmet başvurusu, 2021 yılına göre 10.392 başvuru azdır.",10392.0,başvuru,validation,charts/synthetic_v01/chart_049_bar.png
trdab_v01_000244,synthetic_v01,municipality,table_only,bar,percentage_change,medium,"2021 ile 2024 arasında belediye hizmet başvurusu yaklaşık yüzde kaç değişmiştir? Artış için pozitif, azalış için negatif değer ver.","2021 ile 2024 arasında belediye hizmet başvurusu yaklaşık %20,2 azalmıştır.",-20.2,percent,validation,charts/synthetic_v01/chart_049_bar.png
trdab_v01_000245,synthetic_v01,municipality,chart_only,bar,trend_summary,medium,"Verilen veriye göre belediye hizmet başvurusu için genel eğilim nedir? Cevabı tek kelimeyle ver: artış, azalış veya dalgalı.","Verilen veri genel olarak belediye hizmet başvurusu için azalış eğilimi göstermektedir. 2019 yılında 69.848 başvuru olan değer, 2024 yılında 62.478 başvuru seviyesine düşmüştür.",,başvuru,validation,charts/synthetic_v01/chart_049_bar.png
trdab_v01_000246,synthetic_v01,agriculture,table_and_chart,bar,value_lookup,easy,2024 yılında üretim miktarı kaçtır?,2024 yılında üretim miktarı 186.594 ton olarak verilmiştir.,186594.0,ton,validation,charts/synthetic_v01/chart_050_bar.png
trdab_v01_000247,synthetic_v01,agriculture,table_only,bar,max_min,easy,Verilen verideki en yüksek üretim miktarı kaçtır?,En yüksek üretim miktarı 186.594 ton olarak verilmiştir. Bu değer 2024 yılında görülmüştür.,186594.0,ton,validation,charts/synthetic_v01/chart_050_bar.png
trdab_v01_000248,synthetic_v01,agriculture,chart_only,bar,comparison,medium,"2020 yılındaki üretim miktarı, 2023 yılına göre kaç ton farklıdır?","2020 yılındaki üretim miktarı, 2023 yılına göre 25.160 ton azdır.",25160.0,ton,validation,charts/synthetic_v01/chart_050_bar.png
trdab_v01_000249,synthetic_v01,agriculture,table_and_chart,bar,percentage_change,medium,"2022 ile 2024 arasında üretim miktarı yaklaşık yüzde kaç değişmiştir? Artış için pozitif, azalış için negatif değer ver.","2022 ile 2024 arasında üretim miktarı yaklaşık %10,9 artmıştır.",10.9,percent,validation,charts/synthetic_v01/chart_050_bar.png
trdab_v01_000250,synthetic_v01,agriculture,table_only,bar,trend_summary,medium,"Verilen veriye göre üretim miktarı için genel eğilim nedir? Cevabı tek kelimeyle ver: artış, azalış veya dalgalı.","Verilen veri genel olarak üretim miktarı için artış eğilimi göstermektedir. 2020 yılında 149.868 ton olan değer, 2024 yılında 186.594 ton seviyesine yükselmiştir.",,ton,validation,charts/synthetic_v01/chart_050_bar.png
trdab_v01_000251,synthetic_v01,transportation,chart_only,line,value_lookup,easy,2020 yılında yolcu sayısı kaçtır?,2020 yılında yolcu sayısı 1.603.484 kişi olarak verilmiştir.,1603484.0,kişi,validation,charts/synthetic_v01/chart_051_line.png
trdab_v01_000252,synthetic_v01,transportation,table_and_chart,line,max_min,easy,Verilen verideki en düşük yolcu sayısı kaçtır?,En düşük yolcu sayısı 1.327.499 kişi olarak verilmiştir. Bu değer 2023 yılında görülmüştür.,1327499.0,kişi,validation,charts/synthetic_v01/chart_051_line.png
trdab_v01_000253,synthetic_v01,transportation,table_only,line,comparison,medium,"2022 yılındaki yolcu sayısı, 2023 yılına göre kaç kişi farklıdır?","2022 yılındaki yolcu sayısı, 2023 yılına göre 116.387 kişi fazladır.",116387.0,kişi,validation,charts/synthetic_v01/chart_051_line.png
trdab_v01_000254,synthetic_v01,transportation,chart_only,line,percentage_change,medium,"2019 ile 2022 arasında yolcu sayısı yaklaşık yüzde kaç değişmiştir? Artış için pozitif, azalış için negatif değer ver.","2019 ile 2022 arasında yolcu sayısı yaklaşık %18,9 azalmıştır.",-18.9,percent,validation,charts/synthetic_v01/chart_051_line.png
trdab_v01_000255,synthetic_v01,transportation,table_and_chart,line,trend_summary,medium,"Verilen veriye göre yolcu sayısı için genel eğilim nedir? Cevabı tek kelimeyle ver: artış, azalış veya dalgalı.","Verilen veri genel olarak yolcu sayısı için azalış eğilimi göstermektedir. 2019 yılında 1.780.783 kişi olan değer, 2023 yılında 1.327.499 kişi seviyesine düşmüştür.",,kişi,validation,charts/synthetic_v01/chart_051_line.png
trdab_v01_000256,synthetic_v01,economy,table_only,line,value_lookup,easy,2023 yılında ihracat değeri kaçtır?,2023 yılında ihracat değeri 180 milyon dolar olarak verilmiştir.,180.0,milyon dolar,validation,charts/synthetic_v01/chart_052_line.png
trdab_v01_000257,synthetic_v01,economy,chart_only,line,max_min,easy,Verilen verideki en yüksek ihracat değeri kaçtır?,En yüksek ihracat değeri 194 milyon dolar olarak verilmiştir. Bu değer 2018 yılında görülmüştür.,194.0,milyon dolar,validation,charts/synthetic_v01/chart_052_line.png
trdab_v01_000258,synthetic_v01,economy,table_and_chart,line,comparison,medium,"2020 yılındaki ihracat değeri, 2021 yılına göre kaç milyon dolar farklıdır?","2020 yılındaki ihracat değeri, 2021 yılına göre 55 milyon dolar fazladır.",55.0,milyon dolar,validation,charts/synthetic_v01/chart_052_line.png
trdab_v01_000259,synthetic_v01,economy,table_only,line,percentage_change,medium,"2020 ile 2022 arasında ihracat değeri yaklaşık yüzde kaç değişmiştir? Artış için pozitif, azalış için negatif değer ver.","2020 ile 2022 arasında ihracat değeri yaklaşık %4,9 artmıştır.",4.9,percent,validation,charts/synthetic_v01/chart_052_line.png
trdab_v01_000260,synthetic_v01,economy,chart_only,line,trend_summary,medium,"Verilen veriye göre ihracat değeri için genel eğilim nedir? Cevabı tek kelimeyle ver: artış, azalış veya dalgalı.","Verilen veri genel olarak ihracat değeri için azalış eğilimi göstermektedir. 2018 yılında 194 milyon dolar olan değer, 2023 yılında 180 milyon dolar seviyesine düşmüştür.",,milyon dolar,validation,charts/synthetic_v01/chart_052_line.png
trdab_v01_000261,synthetic_v01,education,table_and_chart,line,value_lookup,easy,2019 yılında öğrenci sayısı kaçtır?,2019 yılında öğrenci sayısı 31.483 öğrenci olarak verilmiştir.,31483.0,öğrenci,validation,charts/synthetic_v01/chart_053_line.png
trdab_v01_000262,synthetic_v01,education,table_only,line,max_min,easy,Verilen verideki en düşük öğrenci sayısı kaçtır?,En düşük öğrenci sayısı 25.929 öğrenci olarak verilmiştir. Bu değer 2024 yılında görülmüştür.,25929.0,öğrenci,validation,charts/synthetic_v01/chart_053_line.png
trdab_v01_000263,synthetic_v01,education,chart_only,line,comparison,medium,"2021 yılındaki öğrenci sayısı, 2022 yılına göre kaç öğrenci farklıdır?","2021 yılındaki öğrenci sayısı, 2022 yılına göre 1.516 öğrenci fazladır.",1516.0,öğrenci,validation,charts/synthetic_v01/chart_053_line.png
trdab_v01_000264,synthetic_v01,education,table_and_chart,line,percentage_change,medium,"2021 ile 2023 arasında öğrenci sayısı yaklaşık yüzde kaç değişmiştir? Artış için pozitif, azalış için negatif değer ver.",2021 ile 2023 arasında öğrenci sayısı yaklaşık %8 azalmıştır.,-8.0,percent,validation,charts/synthetic_v01/chart_053_line.png
trdab_v01_000265,synthetic_v01,education,table_only,line,trend_summary,medium,"Verilen veriye göre öğrenci sayısı için genel eğilim nedir? Cevabı tek kelimeyle ver: artış, azalış veya dalgalı.","Verilen veri genel olarak öğrenci sayısı için azalış eğilimi göstermektedir. 2019 yılında 31.483 öğrenci olan değer, 2024 yılında 25.929 öğrenci seviyesine düşmüştür.",,öğrenci,validation,charts/synthetic_v01/chart_053_line.png
trdab_v01_000266,synthetic_v01,tourism,chart_only,bar,value_lookup,easy,2023 yılında ziyaretçi sayısı kaçtır?,2023 yılında ziyaretçi sayısı 608.906 kişi olarak verilmiştir.,608906.0,kişi,validation,charts/synthetic_v01/chart_054_bar.png
trdab_v01_000267,synthetic_v01,tourism,table_and_chart,bar,max_min,easy,Verilen verideki en düşük ziyaretçi sayısı kaçtır?,En düşük ziyaretçi sayısı 484.082 kişi olarak verilmiştir. Bu değer 2019 yılında görülmüştür.,484082.0,kişi,validation,charts/synthetic_v01/chart_054_bar.png
trdab_v01_000268,synthetic_v01,tourism,table_only,bar,comparison,medium,"2019 yılındaki ziyaretçi sayısı, 2021 yılına göre kaç kişi farklıdır?","2019 yılındaki ziyaretçi sayısı, 2021 yılına göre 58.669 kişi azdır.",58669.0,kişi,validation,charts/synthetic_v01/chart_054_bar.png
trdab_v01_000269,synthetic_v01,tourism,chart_only,bar,percentage_change,medium,"2018 ile 2021 arasında ziyaretçi sayısı yaklaşık yüzde kaç değişmiştir? Artış için pozitif, azalış için negatif değer ver.","2018 ile 2021 arasında ziyaretçi sayısı yaklaşık %25,1 azalmıştır.",-25.1,percent,validation,charts/synthetic_v01/chart_054_bar.png
trdab_v01_000270,synthetic_v01,tourism,table_and_chart,bar,trend_summary,medium,"Verilen veriye göre ziyaretçi sayısı için genel eğilim nedir? Cevabı tek kelimeyle ver: artış, azalış veya dalgalı.","Verilen veri genel olarak ziyaretçi sayısı için azalış eğilimi göstermektedir. 2018 yılında 724.589 kişi olan değer, 2023 yılında 608.906 kişi seviyesine düşmüştür.",,kişi,validation,charts/synthetic_v01/chart_054_bar.png
trdab_v01_000271,synthetic_v01,energy,table_only,line,value_lookup,easy,2021 yılında elektrik tüketimi kaçtır?,2021 yılında elektrik tüketimi 103.871 MWh olarak verilmiştir.,103871.0,MWh,test,charts/synthetic_v01/chart_055_line.png
trdab_v01_000272,synthetic_v01,energy,chart_only,line,max_min,easy,Verilen verideki en yüksek elektrik tüketimi kaçtır?,En yüksek elektrik tüketimi 113.959 MWh olarak verilmiştir. Bu değer 2023 yılında görülmüştür.,113959.0,MWh,test,charts/synthetic_v01/chart_055_line.png
trdab_v01_000273,synthetic_v01,energy,table_and_chart,line,comparison,medium,"2021 yılındaki elektrik tüketimi, 2018 yılına göre kaç MWh farklıdır?","2021 yılındaki elektrik tüketimi, 2018 yılına göre 13.568 MWh fazladır.",13568.0,MWh,test,charts/synthetic_v01/chart_055_line.png
trdab_v01_000274,synthetic_v01,energy,table_only,line,percentage_change,medium,"2020 ile 2023 arasında elektrik tüketimi yaklaşık yüzde kaç değişmiştir? Artış için pozitif, azalış için negatif değer ver.","2020 ile 2023 arasında elektrik tüketimi yaklaşık %14,4 artmıştır.",14.4,percent,test,charts/synthetic_v01/chart_055_line.png
trdab_v01_000275,synthetic_v01,energy,chart_only,line,trend_summary,medium,"Verilen veriye göre elektrik tüketimi için genel eğilim nedir? Cevabı tek kelimeyle ver: artış, azalış veya dalgalı.","Verilen veri genel olarak elektrik tüketimi için artış eğilimi göstermektedir. 2018 yılında 90.303 MWh olan değer, 2023 yılında 113.959 MWh seviyesine yükselmiştir.",,MWh,test,charts/synthetic_v01/chart_055_line.png
trdab_v01_000276,synthetic_v01,health,table_and_chart,line,value_lookup,easy,2025 yılında hastane başvuru sayısı kaçtır?,2025 yılında hastane başvuru sayısı 309.705 başvuru olarak verilmiştir.,309705.0,başvuru,test,charts/synthetic_v01/chart_056_line.png
trdab_v01_000277,synthetic_v01,health,table_only,line,max_min,easy,Verilen verideki en düşük hastane başvuru sayısı kaçtır?,En düşük hastane başvuru sayısı 284.528 başvuru olarak verilmiştir. Bu değer 2023 yılında görülmüştür.,284528.0,başvuru,test,charts/synthetic_v01/chart_056_line.png
trdab_v01_000278,synthetic_v01,health,chart_only,line,comparison,medium,"2025 yılındaki hastane başvuru sayısı, 2020 yılına göre kaç başvuru farklıdır?","2025 yılındaki hastane başvuru sayısı, 2020 yılına göre 16.476 başvuru azdır.",16476.0,başvuru,test,charts/synthetic_v01/chart_056_line.png
trdab_v01_000279,synthetic_v01,health,table_and_chart,line,percentage_change,medium,"2020 ile 2022 arasında hastane başvuru sayısı yaklaşık yüzde kaç değişmiştir? Artış için pozitif, azalış için negatif değer ver.","2020 ile 2022 arasında hastane başvuru sayısı yaklaşık %5,9 azalmıştır.",-5.9,percent,test,charts/synthetic_v01/chart_056_line.png
trdab_v01_000280,synthetic_v01,health,table_only,line,trend_summary,medium,"Verilen veriye göre hastane başvuru sayısı için genel eğilim nedir? Cevabı tek kelimeyle ver: artış, azalış veya dalgalı.","Verilen veri genel olarak hastane başvuru sayısı için azalış eğilimi göstermektedir. 2020 yılında 326.181 başvuru olan değer, 2025 yılında 309.705 başvuru seviyesine düşmüştür.",,başvuru,test,charts/synthetic_v01/chart_056_line.png
trdab_v01_000281,synthetic_v01,environment,chart_only,line,value_lookup,easy,2020 yılında geri dönüştürülen atık miktarı kaçtır?,2020 yılında geri dönüştürülen atık miktarı 10.874 ton olarak verilmiştir.,10874.0,ton,test,charts/synthetic_v01/chart_057_line.png
trdab_v01_000282,synthetic_v01,environment,table_and_chart,line,max_min,easy,Verilen verideki en yüksek geri dönüştürülen atık miktarı kaçtır?,En yüksek geri dönüştürülen atık miktarı 11.620 ton olarak verilmiştir. Bu değer 2019 yılında görülmüştür.,11620.0,ton,test,charts/synthetic_v01/chart_057_line.png
trdab_v01_000283,synthetic_v01,environment,table_only,line,comparison,medium,"2023 yılındaki geri dönüştürülen atık miktarı, 2019 yılına göre kaç ton farklıdır?","2023 yılındaki geri dönüştürülen atık miktarı, 2019 yılına göre 2.410 ton azdır.",2410.0,ton,test,charts/synthetic_v01/chart_057_line.png
trdab_v01_000284,synthetic_v01,environment,chart_only,line,percentage_change,medium,"2022 ile 2023 arasında geri dönüştürülen atık miktarı yaklaşık yüzde kaç değişmiştir? Artış için pozitif, azalış için negatif değer ver.","2022 ile 2023 arasında geri dönüştürülen atık miktarı yaklaşık %6,7 azalmıştır.",-6.7,percent,test,charts/synthetic_v01/chart_057_line.png
trdab_v01_000285,synthetic_v01,environment,table_and_chart,line,trend_summary,medium,"Verilen veriye göre geri dönüştürülen atık miktarı için genel eğilim nedir? Cevabı tek kelimeyle ver: artış, azalış veya dalgalı.","Verilen veri genel olarak geri dönüştürülen atık miktarı için azalış eğilimi göstermektedir. 2019 yılında 11.620 ton olan değer, 2024 yılında 8.689 ton seviyesine düşmüştür.",,ton,test,charts/synthetic_v01/chart_057_line.png
trdab_v01_000286,synthetic_v01,sports,table_only,bar,value_lookup,easy,2020 yılında spor tesisi kullanım sayısı kaçtır?,2020 yılında spor tesisi kullanım sayısı 60.520 kullanım olarak verilmiştir.,60520.0,kullanım,test,charts/synthetic_v01/chart_058_bar.png
trdab_v01_000287,synthetic_v01,sports,chart_only,bar,max_min,easy,Verilen verideki en düşük spor tesisi kullanım sayısı kaçtır?,En düşük spor tesisi kullanım sayısı 49.016 kullanım olarak verilmiştir. Bu değer 2024 yılında görülmüştür.,49016.0,kullanım,test,charts/synthetic_v01/chart_058_bar.png
trdab_v01_000288,synthetic_v01,sports,table_and_chart,bar,comparison,medium,"2021 yılındaki spor tesisi kullanım sayısı, 2022 yılına göre kaç kullanım farklıdır?","2021 yılındaki spor tesisi kullanım sayısı, 2022 yılına göre 2.263 kullanım fazladır.",2263.0,kullanım,test,charts/synthetic_v01/chart_058_bar.png
trdab_v01_000289,synthetic_v01,sports,table_only,bar,percentage_change,medium,"2020 ile 2023 arasında spor tesisi kullanım sayısı yaklaşık yüzde kaç değişmiştir? Artış için pozitif, azalış için negatif değer ver.","2020 ile 2023 arasında spor tesisi kullanım sayısı yaklaşık %15,1 azalmıştır.",-15.1,percent,test,charts/synthetic_v01/chart_058_bar.png
trdab_v01_000290,synthetic_v01,sports,chart_only,bar,trend_summary,medium,"Verilen veriye göre spor tesisi kullanım sayısı için genel eğilim nedir? Cevabı tek kelimeyle ver: artış, azalış veya dalgalı.","Verilen veri genel olarak spor tesisi kullanım sayısı için azalış eğilimi göstermektedir. 2020 yılında 60.520 kullanım olan değer, 2024 yılında 49.016 kullanım seviyesine düşmüştür.",,kullanım,test,charts/synthetic_v01/chart_058_bar.png
trdab_v01_000291,synthetic_v01,municipality,table_and_chart,line,value_lookup,easy,2023 yılında belediye hizmet başvurusu kaçtır?,2023 yılında belediye hizmet başvurusu 75.637 başvuru olarak verilmiştir.,75637.0,başvuru,test,charts/synthetic_v01/chart_059_line.png
trdab_v01_000292,synthetic_v01,municipality,table_only,line,max_min,easy,Verilen verideki en yüksek belediye hizmet başvurusu kaçtır?,En yüksek belediye hizmet başvurusu 75.637 başvuru olarak verilmiştir. Bu değer 2023 yılında görülmüştür.,75637.0,başvuru,test,charts/synthetic_v01/chart_059_line.png
trdab_v01_000293,synthetic_v01,municipality,chart_only,line,comparison,medium,"2022 yılındaki belediye hizmet başvurusu, 2023 yılına göre kaç başvuru farklıdır?","2022 yılındaki belediye hizmet başvurusu, 2023 yılına göre 14.235 başvuru azdır.",14235.0,başvuru,test,charts/synthetic_v01/chart_059_line.png
trdab_v01_000294,synthetic_v01,municipality,table_and_chart,line,percentage_change,medium,"2020 ile 2021 arasında belediye hizmet başvurusu yaklaşık yüzde kaç değişmiştir? Artış için pozitif, azalış için negatif değer ver.","2020 ile 2021 arasında belediye hizmet başvurusu yaklaşık %7,4 artmıştır.",7.4,percent,test,charts/synthetic_v01/chart_059_line.png
trdab_v01_000295,synthetic_v01,municipality,table_only,line,trend_summary,medium,"Verilen veriye göre belediye hizmet başvurusu için genel eğilim nedir? Cevabı tek kelimeyle ver: artış, azalış veya dalgalı.","Verilen veri genel olarak belediye hizmet başvurusu için azalış eğilimi göstermektedir. 2019 yılında 74.234 başvuru olan değer, 2024 yılında 61.625 başvuru seviyesine düşmüştür.",,başvuru,test,charts/synthetic_v01/chart_059_line.png
trdab_v01_000296,synthetic_v01,agriculture,chart_only,line,value_lookup,easy,2025 yılında üretim miktarı kaçtır?,2025 yılında üretim miktarı 195.067 ton olarak verilmiştir.,195067.0,ton,test,charts/synthetic_v01/chart_060_line.png
trdab_v01_000297,synthetic_v01,agriculture,table_and_chart,line,max_min,easy,Verilen verideki en yüksek üretim miktarı kaçtır?,En yüksek üretim miktarı 195.067 ton olarak verilmiştir. Bu değer 2025 yılında görülmüştür.,195067.0,ton,test,charts/synthetic_v01/chart_060_line.png
trdab_v01_000298,synthetic_v01,agriculture,table_only,line,comparison,medium,"2020 yılındaki üretim miktarı, 2025 yılına göre kaç ton farklıdır?","2020 yılındaki üretim miktarı, 2025 yılına göre 42.685 ton azdır.",42685.0,ton,test,charts/synthetic_v01/chart_060_line.png
trdab_v01_000299,synthetic_v01,agriculture,chart_only,line,percentage_change,medium,"2022 ile 2023 arasında üretim miktarı yaklaşık yüzde kaç değişmiştir? Artış için pozitif, azalış için negatif değer ver.","2022 ile 2023 arasında üretim miktarı yaklaşık %3,2 artmıştır.",3.2,percent,test,charts/synthetic_v01/chart_060_line.png
trdab_v01_000300,synthetic_v01,agriculture,table_and_chart,line,trend_summary,medium,"Verilen veriye göre üretim miktarı için genel eğilim nedir? Cevabı tek kelimeyle ver: artış, azalış veya dalgalı.","Verilen veri genel olarak üretim miktarı için artış eğilimi göstermektedir. 2020 yılında 152.382 ton olan değer, 2025 yılında 195.067 ton seviyesine yükselmiştir.",,ton,test,charts/synthetic_v01/chart_060_line.png
